id,Asset ID,Asset Symbol,Amount with GST,GST,Balance,Transaction type,Contract/Fund,Reference ID,Date
1208901068,14,USD,0.4939584,,89.1978496,funding,BTCUSD,,2025-10-06 05:45:14.105587+05:30 IST Asia/Kolkata
1208898154,14,USD,-2.915839,-0.444789,88.7038912,commission,BTCUSD,,2025-10-06 05:45:03.161237+05:30 IST Asia/Kolkata
1208898153,14,USD,-16.7,,91.6197302,cashflow,BTCUSD,,2025-10-06 05:45:03.161193+05:30 IST Asia/Kolkata
1208833116,14,USD,-1.1623944,-0.1773144,108.3197302,commission,BTCUSD,,2025-10-06 03:53:31.174610+05:30 IST Asia/Kolkata
1202055133,14,USD,-2.6347925,-0.4019175,109.4821246,commission,ETHUSD,,2025-10-03 19:28:58.762835+05:30 IST Asia/Kolkata
1202055132,14,USD,-19.25,,112.1169171,cashflow,ETHUSD,,2025-10-03 19:28:58.762787+05:30 IST Asia/Kolkata
1202019292,14,USD,-1.05846,-0.16146,131.3669171,commission,ETHUSD,,2025-10-03 19:10:32.028043+05:30 IST Asia/Kolkata
1199414372,14,USD,-3.884796,-0.592596,132.4253771,commission,ETHUSD,,2025-10-02 20:13:24.097646+05:30 IST Asia/Kolkata
1199414367,14,USD,-30.95,,136.3101731,cashflow,ETHUSD,,2025-10-02 20:13:24.097603+05:30 IST Asia/Kolkata
1199368424,14,USD,-0.5204744,-0.0793944,167.2601731,commission,ETHUSD,,2025-10-02 19:55:24.035632+05:30 IST Asia/Kolkata
1199303737,14,USD,-2.6018705,-0.3968955,167.7806475,commission,ETHUSD,,2025-10-02 19:26:41.151616+05:30 IST Asia/Kolkata
1197482850,14,USD,-11.6,,170.382518,cashflow,BTCUSD,,2025-10-02 01:11:19.648821+05:30 IST Asia/Kolkata
1197467733,14,USD,-2.216512,-0.338112,181.982518,commission,BTCUSD,,2025-10-02 00:58:10.578369+05:30 IST Asia/Kolkata
1182789166,14,USD,-18.48,,184.19903,cashflow,BTCUSD,,2025-09-25 18:31:54.094329+05:30 IST Asia/Kolkata
1182765540,14,USD,-2.0996448,-0.3202848,202.67903,commission,BTCUSD,,2025-09-25 18:20:29.885250+05:30 IST Asia/Kolkata
1177981905,14,USD,-4.64998765,-0.70932015,204.7786748,commission,BTCUSD,,2025-09-23 20:05:26.811778+05:30 IST Asia/Kolkata
1177981900,14,USD,-27.965,,209.42866245,cashflow,BTCUSD,,2025-09-23 20:05:26.811731+05:30 IST Asia/Kolkata
1177938079,14,USD,-1.62660404,-0.24812604,237.39366245,commission,BTCUSD,,2025-09-23 19:44:12.809774+05:30 IST Asia/Kolkata
1177937728,14,USD,-0.1333282,-0.0203382,239.02026649,commission,BTCUSD,,2025-09-23 19:44:01.546630+05:30 IST Asia/Kolkata
1177937689,14,USD,-0.02666564,-0.00406764,239.15359469,commission,BTCUSD,,2025-09-23 19:44:00.997118+05:30 IST Asia/Kolkata
1177937679,14,USD,-0.07999692,-0.01220292,239.18026033,commission,BTCUSD,,2025-09-23 19:44:00.425886+05:30 IST Asia/Kolkata
1175772972,14,USD,-2.6658914,-0.4066614,239.26025725,commission,BTCUSD,,2025-09-22 19:28:06.104322+05:30 IST Asia/Kolkata
1175772971,14,USD,-3.66,,241.92614865,cashflow,BTCUSD,,2025-09-22 19:28:06.104285+05:30 IST Asia/Kolkata
1175684230,14,USD,-0.63929568,-0.09751968,245.58614865,commission,BTCUSD,,2025-09-22 18:46:29.052103+05:30 IST Asia/Kolkata
1175684011,14,USD,-0.3995598,-0.0609498,246.22544433,commission,BTCUSD,,2025-09-22 18:46:20.779073+05:30 IST Asia/Kolkata
1175683959,14,USD,-0.02663732,-0.00406332,246.62500413,commission,BTCUSD,,2025-09-22 18:46:18.792330+05:30 IST Asia/Kolkata
1173722327,14,USD,-4.755695,-0.725445,246.65164145,commission,BTCUSD,,2025-09-22 03:51:25.906244+05:30 IST Asia/Kolkata
1173722325,14,USD,-21,,251.40733645,cashflow,BTCUSD,,2025-09-22 03:51:25.906205+05:30 IST Asia/Kolkata
1173621676,14,USD,-1.907234,-0.290934,272.40733645,commission,BTCUSD,,2025-09-22 00:35:12.984897+05:30 IST Asia/Kolkata
1157899026,14,USD,-3.73802908,-0.57020783,274.31457045,commission,BTCUSD,,2025-09-15 14:17:24.123564+05:30 IST Asia/Kolkata
1157899024,14,USD,-21.8075,,278.05259953,cashflow,BTCUSD,,2025-09-15 14:17:24.123466+05:30 IST Asia/Kolkata
1157738480,14,USD,-1.5003582,-0.2288682,299.86009953,commission,BTCUSD,,2025-09-15 13:32:18.907543+05:30 IST Asia/Kolkata
1149895549,14,USD,-5.4371096,-0.8293896,301.36045773,commission,BTCUSD,,2025-09-12 19:26:05.413716+05:30 IST Asia/Kolkata
1149895546,14,USD,-20.24,,306.79756733,cashflow,BTCUSD,,2025-09-12 19:26:05.413671+05:30 IST Asia/Kolkata
1149845791,14,USD,-2.1700672,-0.3310272,327.03756733,commission,BTCUSD,,2025-09-12 19:02:36.651281+05:30 IST Asia/Kolkata
1147364413,14,USD,-22.225,,329.20763453,cashflow,BTCUSD,,2025-09-11 19:46:48.950874+05:30 IST Asia/Kolkata
1147322690,14,USD,-1.34992,-0.20592,351.43263453,commission,BTCUSD,,2025-09-11 19:31:51.149842+05:30 IST Asia/Kolkata
1144437410,14,USD,-2.6906478,-0.4104378,352.78255453,commission,BTCUSD,,2025-09-10 19:46:58.900802+05:30 IST Asia/Kolkata
1144437409,14,USD,6.42,,355.47320233,cashflow,BTCUSD,,2025-09-10 19:46:58.900761+05:30 IST Asia/Kolkata
1144353081,14,USD,-1.074744,-0.163944,349.05320233,commission,BTCUSD,,2025-09-10 19:23:30.496398+05:30 IST Asia/Kolkata
1105925786,14,USD,-0.03163673,,350.12794633,funding,BTCUSD,,2025-09-02 02:57:49.451135+05:30 IST Asia/Kolkata
1105925785,14,USD,-1.275521,-0.194571,350.15958306,commission,BTCUSD,,2025-09-02 02:57:49.284062+05:30 IST Asia/Kolkata
1105925784,14,USD,-23.275,,351.43510406,cashflow,BTCUSD,,2025-09-02 02:57:49.283994+05:30 IST Asia/Kolkata
1105817236,14,USD,-0.06808147,,374.71010406,funding,BTCUSD,,2025-09-02 02:31:33.014455+05:30 IST Asia/Kolkata
1105605249,14,USD,-0.06826351,,374.77818553,funding,BTCUSD,,2025-09-02 01:31:33.004452+05:30 IST Asia/Kolkata
1105437223,14,USD,-0.06818131,,374.84644904,funding,BTCUSD,,2025-09-02 00:31:33.006303+05:30 IST Asia/Kolkata
1105232901,14,USD,-0.06794345,,374.91463035,funding,BTCUSD,,2025-09-01 23:31:33.014158+05:30 IST Asia/Kolkata
1104953129,14,USD,-0.06805626,,374.9825738,funding,BTCUSD,,2025-09-01 22:31:33.029017+05:30 IST Asia/Kolkata
1104702636,14,USD,-0.06803752,,375.05063006,funding,BTCUSD,,2025-09-01 21:31:33.009074+05:30 IST Asia/Kolkata
1104409324,14,USD,-0.06816876,,375.11866758,funding,BTCUSD,,2025-09-01 20:31:33.013089+05:30 IST Asia/Kolkata
1104173249,14,USD,-0.06825327,,375.18683634,funding,BTCUSD,,2025-09-01 19:31:33.005772+05:30 IST Asia/Kolkata
1103900939,14,USD,-0.06808066,,375.25508961,funding,BTCUSD,,2025-09-01 18:31:33.025276+05:30 IST Asia/Kolkata
1103688955,14,USD,-0.01924486,,375.32317027,funding,BTCUSD,,2025-09-01 17:31:33.015197+05:30 IST Asia/Kolkata
1103624580,14,USD,-1.2810139,-0.195409,375.34241513,commission,BTCUSD,,2025-09-01 17:12:58.098839+05:30 IST Asia/Kolkata
807166599,14,USD,-7.89482688,-1.204296,376.62342903,commission,BTCUSD,,2025-06-26 18:01:30.575966+05:30 IST Asia/Kolkata
807166598,14,USD,-29.1,,384.51825591,cashflow,BTCUSD,,2025-06-26 18:01:30.575910+05:30 IST Asia/Kolkata
807166597,14,USD,-0.08872966,,413.61825591,funding,BTCUSD,,2025-06-26 18:01:30.573650+05:30 IST Asia/Kolkata
807054663,14,USD,-0.13410132,,413.70698557,funding,BTCUSD,,2025-06-26 17:31:33.026801+05:30 IST Asia/Kolkata
807046239,14,USD,-0.63283695,-0.096534,413.84108689,commission,BTCUSD,,2025-06-26 17:30:34.006437+05:30 IST Asia/Kolkata
806903325,14,USD,-0.08498676,,414.47392384,funding,BTCUSD,,2025-06-26 16:31:33.005837+05:30 IST Asia/Kolkata
806853646,14,USD,-2.15216719,-0.328297,414.5589106,commission,BTCUSD,,2025-06-26 15:51:44.116648+05:30 IST Asia/Kolkata
806853630,14,USD,-0.37979421,-0.057935,416.71107779,commission,BTCUSD,,2025-06-26 15:51:42.590611+05:30 IST Asia/Kolkata
760980559,14,USD,-1.8633321,-0.284237,417.090872,commission,BTCUSD,,2025-06-13 20:40:15.571525+05:30 IST Asia/Kolkata
760980557,14,USD,-29.725,,418.9542041,cashflow,BTCUSD,,2025-06-13 20:40:15.571482+05:30 IST Asia/Kolkata
760980556,14,USD,0.01598695,,448.6792041,funding,BTCUSD,,2025-06-13 20:40:15.556791+05:30 IST Asia/Kolkata
760889746,14,USD,0.08650603,,448.66321715,funding,BTCUSD,,2025-06-13 20:31:33.006280+05:30 IST Asia/Kolkata
760655082,14,USD,0.05882971,,448.57671112,funding,BTCUSD,,2025-06-13 19:31:33.010205+05:30 IST Asia/Kolkata
760635180,14,USD,-0.618202,-0.094302,448.51788141,commission,BTCUSD,,2025-06-13 19:27:18.016930+05:30 IST Asia/Kolkata
760476588,14,USD,0.0096458,,449.13608341,funding,BTCUSD,,2025-06-13 18:31:33.005686+05:30 IST Asia/Kolkata
760450629,14,USD,-1.238115,-0.188865,449.12643761,commission,BTCUSD,,2025-06-13 18:19:39.055332+05:30 IST Asia/Kolkata
624492303,14,USD,-1.945584,-0.296784,450.36455261,commission,BTCUSD,,2025-05-09 19:53:29.066920+05:30 IST Asia/Kolkata
624492301,14,USD,-32,,452.31013661,cashflow,BTCUSD,,2025-05-09 19:53:29.066882+05:30 IST Asia/Kolkata
624492298,14,USD,-0.03794137,,484.31013661,funding,BTCUSD,,2025-05-09 19:53:29.058877+05:30 IST Asia/Kolkata
624369469,14,USD,-1.953136,-0.297936,484.34807798,commission,BTCUSD,,2025-05-09 19:31:07.579322+05:30 IST Asia/Kolkata
602754425,14,USD,-3.96420115,-0.604709,486.30121398,commission,BTCUSD,,2025-05-03 22:38:09.071767+05:30 IST Asia/Kolkata
602754423,14,USD,-29.3,,490.26541513,cashflow,BTCUSD,,2025-05-03 22:38:09.071714+05:30 IST Asia/Kolkata
602677173,14,USD,0.00308623,,519.56541513,funding,BTCUSD,,2025-05-03 22:31:33.009861+05:30 IST Asia/Kolkata
602474331,14,USD,-0.01930422,,519.5623289,funding,BTCUSD,,2025-05-03 21:31:33.004741+05:30 IST Asia/Kolkata
602405508,14,USD,-0.22746506,-0.034698,519.58163312,commission,BTCUSD,,2025-05-03 20:45:53.482152+05:30 IST Asia/Kolkata
602404110,14,USD,-1.3651302,-0.20824,519.80909818,commission,BTCUSD,,2025-05-03 20:45:13.337983+05:30 IST Asia/Kolkata
585251032,14,USD,-7.8358903,-1.195305,521.17422838,commission,BTCUSD,,2025-04-29 01:14:39.568260+05:30 IST Asia/Kolkata
585251029,14,USD,-30.17,,529.01011868,cashflow,BTCUSD,,2025-04-29 01:14:39.568215+05:30 IST Asia/Kolkata
585251026,14,USD,-0.01984489,,559.18011868,funding,BTCUSD,,2025-04-29 01:14:39.565754+05:30 IST Asia/Kolkata
585222825,14,USD,-0.558435,-0.085185,559.19996357,commission,BTCUSD,,2025-04-29 00:50:38.898986+05:30 IST Asia/Kolkata
585222823,14,USD,-0.0446748,-0.006815,559.75839857,commission,BTCUSD,,2025-04-29 00:50:38.605624+05:30 IST Asia/Kolkata
585222809,14,USD,-2.010366,-0.306666,559.80307337,commission,BTCUSD,,2025-04-29 00:50:38.331256+05:30 IST Asia/Kolkata
585222808,14,USD,-0.3797358,-0.057926,561.81343937,commission,BTCUSD,,2025-04-29 00:50:38.051990+05:30 IST Asia/Kolkata
585222791,14,USD,-0.0223374,-0.003407,562.19317517,commission,BTCUSD,,2025-04-29 00:50:37.687277+05:30 IST Asia/Kolkata
585222764,14,USD,-0.111687,-0.017037,562.21551257,commission,BTCUSD,,2025-04-29 00:50:36.784653+05:30 IST Asia/Kolkata
574024127,14,USD,-20.145,,562.32719957,cashflow,BTCUSD,,2025-04-25 19:36:30.058947+05:30 IST Asia/Kolkata
574024124,14,USD,-0.00513339,,582.47219957,funding,BTCUSD,,2025-04-25 19:36:30.056504+05:30 IST Asia/Kolkata
573983102,14,USD,-0.00219935,,582.47733296,funding,BTCUSD,,2025-04-25 19:31:33.005147+05:30 IST Asia/Kolkata
573966624,14,USD,-1.8944664,-0.288986,582.47953231,commission,BTCUSD,,2025-04-25 19:26:21.372993+05:30 IST Asia/Kolkata
572761662,14,USD,-16.4025,,584.37399871,cashflow,BTCUSD,,2025-04-25 12:06:50.773996+05:30 IST Asia/Kolkata
572761659,14,USD,-0.00889695,,600.77649871,funding,BTCUSD,,2025-04-25 12:06:50.771484+05:30 IST Asia/Kolkata
572750295,14,USD,-7.43990738,-1.134901,600.78539566,commission,BTCUSD,,2025-04-25 12:01:23.157038+05:30 IST Asia/Kolkata
567127953,14,USD,-0.45,,608.22530304,cashflow,BTCUSD,,2025-04-23 19:08:04.149121+05:30 IST Asia/Kolkata
567127950,14,USD,-0.9,,608.67530304,cashflow,BTCUSD,,2025-04-23 19:08:02.076621+05:30 IST Asia/Kolkata
567127947,14,USD,-0.45,,609.57530304,cashflow,BTCUSD,,2025-04-23 19:07:59.950937+05:30 IST Asia/Kolkata
567127943,14,USD,-4.5,,610.02530304,cashflow,BTCUSD,,2025-04-23 19:07:59.688497+05:30 IST Asia/Kolkata
567127938,14,USD,-13.5,,614.52530304,cashflow,BTCUSD,,2025-04-23 19:07:59.596323+05:30 IST Asia/Kolkata
567127935,14,USD,-0.45,,628.02530304,cashflow,BTCUSD,,2025-04-23 19:07:59.516845+05:30 IST Asia/Kolkata
567127930,14,USD,-6.75,,628.47530304,cashflow,BTCUSD,,2025-04-23 19:07:59.418222+05:30 IST Asia/Kolkata
567127926,14,USD,-0.00160116,,635.22530304,funding,BTCUSD,,2025-04-23 19:07:59.414855+05:30 IST Asia/Kolkata
567077786,14,USD,-1.1529544,-0.175874,635.2269042,commission,BTCUSD,,2025-04-23 18:59:53.506532+05:30 IST Asia/Kolkata
567077776,14,USD,-0.1773776,-0.027058,636.3798586,commission,BTCUSD,,2025-04-23 18:59:52.464297+05:30 IST Asia/Kolkata
558946980,14,USD,-5.1440625,-0.784688,636.5572362,commission,BTCUSD,,2025-04-21 16:39:28.125651+05:30 IST Asia/Kolkata
558946978,14,USD,-26.05,,641.7012987,cashflow,BTCUSD,,2025-04-21 16:39:28.125617+05:30 IST Asia/Kolkata
558946977,14,USD,-0.00724105,,667.7512987,funding,BTCUSD,,2025-04-21 16:39:28.123786+05:30 IST Asia/Kolkata
558884152,14,USD,-0.04355822,,667.75853975,funding,BTCUSD,,2025-04-21 16:31:33.005923+05:30 IST Asia/Kolkata
558737808,14,USD,-0.04361525,,667.80209797,funding,BTCUSD,,2025-04-21 15:31:33.008797+05:30 IST Asia/Kolkata
558578515,14,USD,-0.04384339,,667.84571322,funding,BTCUSD,,2025-04-21 14:31:33.006081+05:30 IST Asia/Kolkata
558451807,14,USD,-0.01888876,,667.88955661,funding,BTCUSD,,2025-04-21 13:31:33.014848+05:30 IST Asia/Kolkata
558420734,14,USD,-2.0637728,-0.314813,667.90844537,commission,BTCUSD,,2025-04-21 13:08:03.093763+05:30 IST Asia/Kolkata
558403702,14,USD,-9.01697738,-1.375471,669.97221817,commission,BTCUSD,,2025-04-21 12:55:48.286635+05:30 IST Asia/Kolkata
558403701,14,USD,-25.1125,,678.98919555,cashflow,BTCUSD,,2025-04-21 12:55:48.286548+05:30 IST Asia/Kolkata
558403700,14,USD,-0.04089633,,704.10169555,funding,BTCUSD,,2025-04-21 12:55:48.278929+05:30 IST Asia/Kolkata
558319191,14,USD,-0.01103957,,704.14259188,funding,BTCUSD,,2025-04-21 12:31:33.005079+05:30 IST Asia/Kolkata
558301746,14,USD,-3.6127175,-0.551093,704.15363145,commission,BTCUSD,,2025-04-21 12:22:14.066814+05:30 IST Asia/Kolkata
546379220,14,USD,-4.21776545,-0.643388,707.76634895,commission,BTCUSD,,2025-04-17 19:37:30.741387+05:30 IST Asia/Kolkata
546379216,14,USD,-41.735,,711.9841144,cashflow,BTCUSD,,2025-04-17 19:37:30.741329+05:30 IST Asia/Kolkata
546379212,14,USD,-0.00556714,,753.7191144,funding,BTCUSD,,2025-04-17 19:37:30.738375+05:30 IST Asia/Kolkata
546334096,14,USD,-0.02237279,,753.72468154,funding,BTCUSD,,2025-04-17 19:31:33.007157+05:30 IST Asia/Kolkata
546266960,14,USD,-4.2423891,-0.647144,753.74705433,commission,BTCUSD,,2025-04-17 18:57:26.401931+05:30 IST Asia/Kolkata
535525180,14,USD,-5.021785,-0.766035,757.98944343,commission,BTCUSD,,2025-04-14 18:09:16.643721+05:30 IST Asia/Kolkata
535525178,14,USD,-38.75,,763.01122843,cashflow,BTCUSD,,2025-04-14 18:09:16.643655+05:30 IST Asia/Kolkata
535525175,14,USD,0.03956791,,801.76122843,funding,BTCUSD,,2025-04-14 18:09:16.641230+05:30 IST Asia/Kolkata
535397344,14,USD,0.05729285,,801.72166052,funding,BTCUSD,,2025-04-14 17:31:33.006013+05:30 IST Asia/Kolkata
535194579,14,USD,0.06104569,,801.66436767,funding,BTCUSD,,2025-04-14 16:31:33.004249+05:30 IST Asia/Kolkata
534987745,14,USD,0.04818233,,801.60332198,funding,BTCUSD,,2025-04-14 15:31:33.004354+05:30 IST Asia/Kolkata
534868726,14,USD,-4.9989225,-0.762548,801.55513965,commission,BTCUSD,,2025-04-14 14:40:05.623658+05:30 IST Asia/Kolkata
531648478,14,USD,-32.445,,806.55406215,cashflow,BTCUSD,,2025-04-13 19:14:44.781825+05:30 IST Asia/Kolkata
531648476,14,USD,-0.01341816,,838.99906215,funding,BTCUSD,,2025-04-13 19:14:44.772820+05:30 IST Asia/Kolkata
531610968,14,USD,-1.7859654,-0.272435,839.01248031,commission,BTCUSD,,2025-04-13 19:05:14.607128+05:30 IST Asia/Kolkata
524180556,14,USD,-29.2175,,840.79844571,cashflow,BTCUSD,,2025-04-11 19:49:34.416127+05:30 IST Asia/Kolkata
524180554,14,USD,0.00307298,,870.01594571,funding,BTCUSD,,2025-04-11 19:49:34.353604+05:30 IST Asia/Kolkata
524160335,14,USD,-1.26818848,-0.193452,870.01287273,commission,BTCUSD,,2025-04-11 19:40:24.779300+05:30 IST Asia/Kolkata
520004241,14,USD,-3.62157488,-0.552444,871.28106121,commission,BTCUSD,,2025-04-10 18:50:35.049539+05:30 IST Asia/Kolkata
520004240,14,USD,-21.525,,874.90263609,cashflow,BTCUSD,,2025-04-10 18:50:35.049479+05:30 IST Asia/Kolkata
520004239,14,USD,-0.00502305,,896.42763609,funding,BTCUSD,,2025-04-10 18:50:35.047698+05:30 IST Asia/Kolkata
519915214,14,USD,-0.00145571,,896.43265914,funding,BTCUSD,,2025-04-10 18:31:33.005458+05:30 IST Asia/Kolkata
519894688,14,USD,-1.34731338,-0.205522,896.43411485,commission,BTCUSD,,2025-04-10 18:23:03.506010+05:30 IST Asia/Kolkata
519894287,14,USD,-0.09623667,-0.01468,897.78142823,commission,BTCUSD,,2025-04-10 18:22:52.825083+05:30 IST Asia/Kolkata
518924532,14,USD,-4.10432615,-0.626084,897.8776649,commission,BTCUSD,,2025-04-10 12:58:17.309387+05:30 IST Asia/Kolkata
518924531,14,USD,-22.865,,901.98199105,cashflow,BTCUSD,,2025-04-10 12:58:17.309352+05:30 IST Asia/Kolkata
518924530,14,USD,-0.02213238,,924.84699105,funding,BTCUSD,,2025-04-10 12:58:17.306537+05:30 IST Asia/Kolkata
518824942,14,USD,-1.6471266,-0.251257,924.86912343,commission,BTCUSD,,2025-04-10 12:30:34.654785+05:30 IST Asia/Kolkata
516013225,14,USD,28.08,,926.51625003,cashflow,BTCUSD,,2025-04-09 20:22:50.292731+05:30 IST Asia/Kolkata
516013224,14,USD,0.00256325,,898.43625003,funding,BTCUSD,,2025-04-09 20:22:50.289567+05:30 IST Asia/Kolkata
515976326,14,USD,-1.1892335,-0.181409,898.43368678,commission,BTCUSD,,2025-04-09 20:09:57.083393+05:30 IST Asia/Kolkata
515753822,14,USD,4.774,,899.62292028,cashflow,BTCUSD,,2025-04-09 19:13:06.270560+05:30 IST Asia/Kolkata
515753821,14,USD,-0.00256895,,894.84892028,funding,BTCUSD,,2025-04-09 19:13:06.268131+05:30 IST Asia/Kolkata
515753819,14,USD,13.7025,,894.85148923,cashflow,BTCUSD,,2025-04-09 19:13:06.094914+05:30 IST Asia/Kolkata
515704914,14,USD,-1.551641,-0.236691,881.14898923,commission,BTCUSD,,2025-04-09 19:03:04.517042+05:30 IST Asia/Kolkata
513102230,14,USD,-0.9027,-0.1377,882.70063023,commission,BTCUSD,,2025-04-09 01:09:20.030525+05:30 IST Asia/Kolkata
513102229,14,USD,-27.5,,883.60333023,cashflow,BTCUSD,,2025-04-09 01:09:20.030458+05:30 IST Asia/Kolkata
513102228,14,USD,-0.00577081,,911.10333023,funding,BTCUSD,,2025-04-09 01:09:20.022322+05:30 IST Asia/Kolkata
512975967,14,USD,-0.00871463,,911.10910104,funding,BTCUSD,,2025-04-09 00:31:33.006538+05:30 IST Asia/Kolkata
512790544,14,USD,-0.00188424,,911.11781567,funding,BTCUSD,,2025-04-08 23:31:33.006001+05:30 IST Asia/Kolkata
512734295,14,USD,-0.90919,-0.13869,911.11969991,commission,BTCUSD,,2025-04-08 23:16:01.106291+05:30 IST Asia/Kolkata
511844641,14,USD,-1.875079,-0.286029,912.02888991,commission,BTCUSD,,2025-04-08 19:55:18.648548+05:30 IST Asia/Kolkata
511844637,14,USD,-21.66,,913.90396891,cashflow,BTCUSD,,2025-04-08 19:55:18.648506+05:30 IST Asia/Kolkata
511844632,14,USD,-1.17193175,-0.178769,935.56396891,commission,BTCUSD,,2025-04-08 19:55:16.533052+05:30 IST Asia/Kolkata
511844628,14,USD,-13.525,,936.73590066,cashflow,BTCUSD,,2025-04-08 19:55:16.533007+05:30 IST Asia/Kolkata
511765448,14,USD,-1.22710796,-0.187186,950.26090066,commission,BTCUSD,,2025-04-08 19:34:19.914554+05:30 IST Asia/Kolkata
509501471,14,USD,-0.93397,-0.14247,951.48800862,commission,BTCUSD,,2025-04-08 02:46:47.856733+05:30 IST Asia/Kolkata
509501470,14,USD,-37.25,,952.42197862,cashflow,BTCUSD,,2025-04-08 02:46:47.856694+05:30 IST Asia/Kolkata
509501469,14,USD,-0.00034194,,989.67197862,funding,BTCUSD,,2025-04-08 02:46:47.850547+05:30 IST Asia/Kolkata
509449461,14,USD,-0.00120404,,989.67232056,funding,BTCUSD,,2025-04-08 02:31:33.003735+05:30 IST Asia/Kolkata
509355278,14,USD,-0.00115171,,989.6735246,funding,BTCUSD,,2025-04-08 01:31:33.005917+05:30 IST Asia/Kolkata
509254660,14,USD,-0.370992,-0.056592,989.67467631,commission,BTCUSD,,2025-04-08 00:35:02.855952+05:30 IST Asia/Kolkata
509231729,14,USD,-0.00072382,,990.04566831,funding,BTCUSD,,2025-04-08 00:31:33.007486+05:30 IST Asia/Kolkata
509048290,14,USD,-0.0005173,,990.04639213,funding,BTCUSD,,2025-04-07 23:31:33.006637+05:30 IST Asia/Kolkata
508926220,14,USD,-0.554187,-0.084537,990.04690943,commission,BTCUSD,,2025-04-07 22:46:00.834913+05:30 IST Asia/Kolkata
502840858,14,USD,-4.870627,-0.742977,990.60109643,commission,BTCUSD,,2025-04-06 18:52:02.237991+05:30 IST Asia/Kolkata
502840857,14,USD,-22.2,,995.47172343,cashflow,BTCUSD,,2025-04-06 18:52:02.237951+05:30 IST Asia/Kolkata
502754027,14,USD,-0.02951133,,1017.67172343,funding,BTCUSD,,2025-04-06 18:31:33.108455+05:30 IST Asia/Kolkata
502577655,14,USD,-1.95349,-0.29799,1017.70123476,commission,BTCUSD,,2025-04-06 17:30:56.236172+05:30 IST Asia/Kolkata
499647934,14,USD,-2.30834226,-0.35212,1019.65472476,commission,BTCUSD,,2025-04-05 18:08:04.423932+05:30 IST Asia/Kolkata
499647933,14,USD,-14.8755,,1021.96306702,cashflow,BTCUSD,,2025-04-05 18:08:04.423839+05:30 IST Asia/Kolkata
499647932,14,USD,-1.62076068,-0.247235,1036.83856702,commission,BTCUSD,,2025-04-05 18:08:02.343442+05:30 IST Asia/Kolkata
499647931,14,USD,-10.428,,1038.4593277,cashflow,BTCUSD,,2025-04-05 18:08:02.343378+05:30 IST Asia/Kolkata
499541664,14,USD,-0.02222446,,1048.8873277,funding,BTCUSD,,2025-04-05 17:31:33.046511+05:30 IST Asia/Kolkata
499458662,14,USD,-1.5776128,-0.240653,1048.90955216,commission,BTCUSD,,2025-04-05 17:03:48.913622+05:30 IST Asia/Kolkata
482099323,14,USD,-2.26315032,-0.345226,1050.48716496,commission,BTCUSD,,2025-03-31 20:39:40.789015+05:30 IST Asia/Kolkata
482099321,14,USD,45.448,,1052.75031528,cashflow,BTCUSD,,2025-03-31 20:39:40.788967+05:30 IST Asia/Kolkata
482099319,14,USD,-1.67277331,-0.255169,1007.30231528,commission,BTCUSD,,2025-03-31 20:39:40.734340+05:30 IST Asia/Kolkata
482099317,14,USD,33.609,,1008.97508859,cashflow,BTCUSD,,2025-03-31 20:39:40.734292+05:30 IST Asia/Kolkata
482099315,14,USD,-0.00741607,,975.36608859,funding,BTCUSD,,2025-03-31 20:39:40.732592+05:30 IST Asia/Kolkata
482029637,14,USD,-0.04418582,,975.37350466,funding,BTCUSD,,2025-03-31 20:31:33.061588+05:30 IST Asia/Kolkata
481766327,14,USD,-1.555712,-0.237312,975.41769048,commission,BTCUSD,,2025-03-31 19:29:22.059129+05:30 IST Asia/Kolkata
468644393,14,USD,-1.436414,-0.219114,976.97340248,commission,BTCUSD,,2025-03-27 20:11:36.559444+05:30 IST Asia/Kolkata
468644391,14,USD,-36.75,,978.40981648,cashflow,BTCUSD,,2025-03-27 20:11:36.559401+05:30 IST Asia/Kolkata
468644389,14,USD,0.0119618,,1015.15981648,funding,BTCUSD,,2025-03-27 20:11:36.554318+05:30 IST Asia/Kolkata
468518445,14,USD,0.00028432,,1015.14785468,funding,BTCUSD,,2025-03-27 19:31:33.045146+05:30 IST Asia/Kolkata
468489747,14,USD,-0.2447556,-0.037336,1015.14757036,commission,BTCUSD,,2025-03-27 19:28:06.275156+05:30 IST Asia/Kolkata
468489745,14,USD,-1.1829854,-0.180455,1015.39232596,commission,BTCUSD,,2025-03-27 19:28:06.192136+05:30 IST Asia/Kolkata
460154960,14,USD,-4.1389916,-0.631372,1016.57531136,commission,BTCUSD,,2025-03-25 03:45:08.375802+05:30 IST Asia/Kolkata
460154957,14,USD,-29.96,,1020.71430296,cashflow,BTCUSD,,2025-03-25 03:45:08.375750+05:30 IST Asia/Kolkata
460154954,14,USD,0.0109588,,1050.67430296,funding,BTCUSD,,2025-03-25 03:45:08.373267+05:30 IST Asia/Kolkata
460104751,14,USD,0.01851672,,1050.66334416,funding,BTCUSD,,2025-03-25 03:31:33.053182+05:30 IST Asia/Kolkata
460079958,14,USD,-1.6626672,-0.253627,1050.64482744,commission,BTCUSD,,2025-03-25 03:02:45.038307+05:30 IST Asia/Kolkata
458303485,14,USD,-3.6147412,-0.551401,1052.30749464,commission,BTCUSD,,2025-03-24 16:05:55.982961+05:30 IST Asia/Kolkata
458303483,14,USD,-27.58,,1055.92223584,cashflow,BTCUSD,,2025-03-24 16:05:55.982914+05:30 IST Asia/Kolkata
458303478,14,USD,0.01095613,,1083.50223584,funding,BTCUSD,,2025-03-24 16:05:55.980587+05:30 IST Asia/Kolkata
458199795,14,USD,-1.4393876,-0.219568,1083.49127971,commission,BTCUSD,,2025-03-24 15:30:47.275071+05:30 IST Asia/Kolkata
442959759,14,USD,-29.75,,1084.93066731,cashflow,BTCUSD,,2025-03-19 18:47:45.948152+05:30 IST Asia/Kolkata
442959757,14,USD,0.00609265,,1114.68066731,funding,BTCUSD,,2025-03-19 18:47:45.924297+05:30 IST Asia/Kolkata
442912037,14,USD,-0.3559824,-0.054302,1114.67457466,commission,BTCUSD,,2025-03-19 18:35:45.131775+05:30 IST Asia/Kolkata
442911933,14,USD,-0.0197768,-0.003017,1115.03055706,commission,BTCUSD,,2025-03-19 18:35:44.556697+05:30 IST Asia/Kolkata
442911694,14,USD,-0.0791072,-0.012067,1115.05033386,commission,BTCUSD,,2025-03-19 18:35:44.186678+05:30 IST Asia/Kolkata
442911612,14,USD,-0.1186608,-0.018101,1115.12944106,commission,BTCUSD,,2025-03-19 18:35:43.903057+05:30 IST Asia/Kolkata
442911503,14,USD,-0.1186608,-0.018101,1115.24810186,commission,BTCUSD,,2025-03-19 18:35:43.663776+05:30 IST Asia/Kolkata
442911457,14,USD,-0.3757592,-0.057319,1115.36676266,commission,BTCUSD,,2025-03-19 18:35:43.384421+05:30 IST Asia/Kolkata
442911357,14,USD,-0.1582144,-0.024134,1115.74252186,commission,BTCUSD,,2025-03-19 18:35:43.085765+05:30 IST Asia/Kolkata
442911230,14,USD,-0.098884,-0.015084,1115.90073626,commission,BTCUSD,,2025-03-19 18:35:42.790194+05:30 IST Asia/Kolkata
442911057,14,USD,-0.0593304,-0.00905,1115.99962026,commission,BTCUSD,,2025-03-19 18:35:42.532233+05:30 IST Asia/Kolkata
438349257,14,USD,-1.173864,-0.179064,1116.05895066,commission,BTCUSD,,2025-03-18 10:18:57.214925+05:30 IST Asia/Kolkata
438349256,14,USD,6,,1117.23281466,cashflow,BTCUSD,,2025-03-18 10:18:57.214870+05:30 IST Asia/Kolkata
438349254,14,USD,-0.0072087,,1111.23281466,funding,BTCUSD,,2025-03-18 10:18:57.209395+05:30 IST Asia/Kolkata
438271122,14,USD,-0.00883232,,1111.24002336,funding,BTCUSD,,2025-03-18 09:31:33.058762+05:30 IST Asia/Kolkata
438151159,14,USD,-0.00885275,,1111.24885568,funding,BTCUSD,,2025-03-18 08:31:33.061932+05:30 IST Asia/Kolkata
438042846,14,USD,-0.00885171,,1111.25770843,funding,BTCUSD,,2025-03-18 07:31:33.056499+05:30 IST Asia/Kolkata
437919505,14,USD,-0.00886222,,1111.26656014,funding,BTCUSD,,2025-03-18 06:31:33.042996+05:30 IST Asia/Kolkata
437833570,14,USD,-0.00637989,,1111.27542236,funding,BTCUSD,,2025-03-18 05:31:33.022693+05:30 IST Asia/Kolkata
437758183,14,USD,-0.00639044,,1111.28180225,funding,BTCUSD,,2025-03-18 04:31:33.046781+05:30 IST Asia/Kolkata
437691737,14,USD,-0.00638245,,1111.28819269,funding,BTCUSD,,2025-03-18 03:31:33.045868+05:30 IST Asia/Kolkata
437616117,14,USD,-0.00638941,,1111.29457514,funding,BTCUSD,,2025-03-18 02:31:33.047184+05:30 IST Asia/Kolkata
437514689,14,USD,-0.00641616,,1111.30096455,funding,BTCUSD,,2025-03-18 01:31:33.026223+05:30 IST Asia/Kolkata
437401591,14,USD,-0.00639466,,1111.30738071,funding,BTCUSD,,2025-03-18 00:31:33.039042+05:30 IST Asia/Kolkata
437235966,14,USD,-0.00637296,,1111.31377537,funding,BTCUSD,,2025-03-17 23:31:33.059856+05:30 IST Asia/Kolkata
437031963,14,USD,-0.00689173,,1111.32014833,funding,BTCUSD,,2025-03-17 22:31:33.066170+05:30 IST Asia/Kolkata
436828902,14,USD,-0.03836188,,1111.32704006,funding,BTCUSD,,2025-03-17 21:31:33.048306+05:30 IST Asia/Kolkata
436635623,14,USD,-0.01785183,,1111.36540194,funding,BTCUSD,,2025-03-17 20:31:33.046861+05:30 IST Asia/Kolkata
436547526,14,USD,-1.074744,-0.163944,1111.38325377,commission,BTCUSD,,2025-03-17 20:01:53.780425+05:30 IST Asia/Kolkata
436546398,14,USD,-0.0781632,-0.011923,1112.45799777,commission,BTCUSD,,2025-03-17 20:01:27.873582+05:30 IST Asia/Kolkata
436546368,14,USD,-0.0195408,-0.002981,1112.53616097,commission,BTCUSD,,2025-03-17 20:01:27.621690+05:30 IST Asia/Kolkata
404709416,14,USD,-7.29056897,-1.112121,1112.55570177,commission,P-BTC-86000-080325,,2025-03-08 17:30:01.336939+05:30 IST Asia/Kolkata
404709415,14,USD,61.78448275,,1119.84627074,settlement,P-BTC-86000-080325,,2025-03-08 17:30:01.336884+05:30 IST Asia/Kolkata
404709403,14,USD,-15.2163891,-2.321144,1058.06178799,commission,P-BTC-86400-080325,,2025-03-08 17:30:01.020380+05:30 IST Asia/Kolkata
404709402,14,USD,-261.78448276,,1073.27817709,settlement,P-BTC-86400-080325,,2025-03-08 17:30:01.020323+05:30 IST Asia/Kolkata
404709302,14,USD,-15.2155041,-2.321009,1335.06265985,commission,P-BTC-86200-080325,,2025-03-08 17:30:00.530628+05:30 IST Asia/Kolkata
404709301,14,USD,-161.78448276,,1350.27816395,settlement,P-BTC-86200-080325,,2025-03-08 17:30:00.530585+05:30 IST Asia/Kolkata
404708635,14,USD,-15.2154687,-2.321004,1512.06264671,commission,P-BTC-86600-080325,,2025-03-08 17:30:00.133782+05:30 IST Asia/Kolkata
404708634,14,USD,361.78448275,,1527.27811541,settlement,P-BTC-86600-080325,,2025-03-08 17:30:00.133738+05:30 IST Asia/Kolkata
404033783,14,USD,-10.62,-1.62,1165.49363266,commission,P-BTC-86200-080325,,2025-03-08 12:42:43.680926+05:30 IST Asia/Kolkata
404033782,14,USD,9E+1,,1176.11363266,cashflow,P-BTC-86200-080325,,2025-03-08 12:42:43.680882+05:30 IST Asia/Kolkata
404033748,14,USD,-14.16,-2.16,1086.11363266,commission,P-BTC-86400-080325,,2025-03-08 12:42:43.242558+05:30 IST Asia/Kolkata
404033747,14,USD,1.2E+2,,1100.27363266,cashflow,P-BTC-86400-080325,,2025-03-08 12:42:43.242514+05:30 IST Asia/Kolkata
404033099,14,USD,-0.59,-0.09,980.27363266,commission,P-BTC-86400-080325,,2025-03-08 12:42:12.956157+05:30 IST Asia/Kolkata
404033098,14,USD,5,,980.86363266,cashflow,P-BTC-86400-080325,,2025-03-08 12:42:12.956106+05:30 IST Asia/Kolkata
404027779,14,USD,-7.6287,-1.1637,975.86363266,commission,P-BTC-86000-080325,,2025-03-08 12:38:11.692160+05:30 IST Asia/Kolkata
404027778,14,USD,-64.65,,983.49233266,cashflow,P-BTC-86000-080325,,2025-03-08 12:38:11.692117+05:30 IST Asia/Kolkata
404027776,14,USD,-15.3149073,-2.336172,1048.14233266,commission,P-BTC-86600-080325,,2025-03-08 12:38:11.425142+05:30 IST Asia/Kolkata
404027775,14,USD,-173,,1063.45723996,cashflow,P-BTC-86600-080325,,2025-03-08 12:38:11.425064+05:30 IST Asia/Kolkata
388502751,14,USD,-2.9691042,-0.452914,1236.45723996,commission,BTCUSD,,2025-03-04 13:56:41.354050+05:30 IST Asia/Kolkata
388502749,14,USD,7.62,,1239.42634416,cashflow,BTCUSD,,2025-03-04 13:56:41.353989+05:30 IST Asia/Kolkata
388502747,14,USD,0.00004971,,1231.80634416,funding,BTCUSD,,2025-03-04 13:56:41.351855+05:30 IST Asia/Kolkata
388412192,14,USD,-0.01086386,,1231.80629445,funding,BTCUSD,,2025-03-04 13:31:33.041516+05:30 IST Asia/Kolkata
388251249,14,USD,-0.00654322,,1231.81715831,funding,BTCUSD,,2025-03-04 12:31:33.053496+05:30 IST Asia/Kolkata
388172932,14,USD,-1.18944,-0.18144,1231.82370153,commission,BTCUSD,,2025-03-04 11:53:07.603228+05:30 IST Asia/Kolkata
386374015,14,USD,-1.26249144,-0.192583,1233.01314153,commission,BTCUSD,,2025-03-03 23:48:09.335418+05:30 IST Asia/Kolkata
386374014,14,USD,77.46,,1234.27563297,cashflow,BTCUSD,,2025-03-03 23:48:09.335382+05:30 IST Asia/Kolkata
386374012,14,USD,0.00447901,,1156.81563297,funding,BTCUSD,,2025-03-03 23:48:09.324616+05:30 IST Asia/Kolkata
386270799,14,USD,0.00166239,,1156.81115396,funding,BTCUSD,,2025-03-03 23:31:33.031192+05:30 IST Asia/Kolkata
386236079,14,USD,-1.280772,-0.195372,1156.80949157,commission,BTCUSD,,2025-03-03 23:22:44.882545+05:30 IST Asia/Kolkata
385292635,14,USD,-1.7371488,-0.264989,1158.09026357,commission,BTCUSD,,2025-03-03 20:08:09.234112+05:30 IST Asia/Kolkata
385292632,14,USD,110.238,,1159.82741237,cashflow,BTCUSD,,2025-03-03 20:08:09.234078+05:30 IST Asia/Kolkata
385292630,14,USD,-0.00906101,,1049.58941237,funding,BTCUSD,,2025-03-03 20:08:09.232339+05:30 IST Asia/Kolkata
385146964,14,USD,-0.2203945,-0.03362,1049.59847338,commission,BTCUSD,,2025-03-03 19:36:52.671519+05:30 IST Asia/Kolkata
385146963,14,USD,-4.18751792,-0.638774,1049.81886788,commission,BTCUSD,,2025-03-03 19:36:52.605165+05:30 IST Asia/Kolkata
383734145,14,USD,-1.5261176,-0.232798,1054.0063858,commission,BTCUSD,,2025-03-03 12:09:23.905982+05:30 IST Asia/Kolkata
383734144,14,USD,-19.495,,1055.5325034,cashflow,BTCUSD,,2025-03-03 12:09:23.905909+05:30 IST Asia/Kolkata
383734143,14,USD,0.04479808,,1075.0275034,funding,BTCUSD,,2025-03-03 12:09:23.900723+05:30 IST Asia/Kolkata
383611043,14,USD,0.06732234,,1074.98270532,funding,BTCUSD,,2025-03-03 11:31:33.067994+05:30 IST Asia/Kolkata
383494600,14,USD,0.06708254,,1074.91538298,funding,BTCUSD,,2025-03-03 10:31:33.019775+05:30 IST Asia/Kolkata
383390433,14,USD,0.03241578,,1074.84830044,funding,BTCUSD,,2025-03-03 09:31:33.064212+05:30 IST Asia/Kolkata
383341228,14,USD,-3.82679605,-0.583749,1074.81588466,commission,BTCUSD,,2025-03-03 09:00:16.781481+05:30 IST Asia/Kolkata
379889582,14,USD,-0.00236,-0.00036,1078.64268071,commission,P-BTC-85200-020325,,2025-03-02 17:27:26.945860+05:30 IST Asia/Kolkata
379889581,14,USD,0.02,,1078.64504071,cashflow,P-BTC-85200-020325,,2025-03-02 17:27:26.945818+05:30 IST Asia/Kolkata
379889057,14,USD,-0.00236,-0.00036,1078.62504071,commission,P-BTC-84000-020325,,2025-03-02 17:27:03.144390+05:30 IST Asia/Kolkata
379889056,14,USD,0.02,,1078.62740071,cashflow,P-BTC-84000-020325,,2025-03-02 17:27:03.144313+05:30 IST Asia/Kolkata
379882946,14,USD,-0.00236,-0.00036,1078.60740071,commission,P-BTC-84800-020325,,2025-03-02 17:22:56.956966+05:30 IST Asia/Kolkata
379882945,14,USD,-0.02,,1078.60976071,cashflow,P-BTC-84800-020325,,2025-03-02 17:22:56.956919+05:30 IST Asia/Kolkata
379882586,14,USD,-0.00236,-0.00036,1078.62976071,commission,P-BTC-84400-020325,,2025-03-02 17:22:40.236718+05:30 IST Asia/Kolkata
379882585,14,USD,-0.02,,1078.63212071,cashflow,P-BTC-84400-020325,,2025-03-02 17:22:40.236672+05:30 IST Asia/Kolkata
378104343,14,USD,-3.0339924,-0.462812,1078.65212071,commission,BTCUSD,,2025-03-02 03:06:24.152749+05:30 IST Asia/Kolkata
378104340,14,USD,-42.36,,1081.68611311,cashflow,BTCUSD,,2025-03-02 03:06:24.152702+05:30 IST Asia/Kolkata
378104335,14,USD,-0.02322976,,1124.04611311,funding,BTCUSD,,2025-03-02 03:06:24.148784+05:30 IST Asia/Kolkata
378040867,14,USD,-0.0376715,,1124.06934287,funding,BTCUSD,,2025-03-02 02:31:33.042131+05:30 IST Asia/Kolkata
377950597,14,USD,-0.03761174,,1124.10701437,funding,BTCUSD,,2025-03-02 01:31:33.026615+05:30 IST Asia/Kolkata
377830544,14,USD,-0.03754888,,1124.14462611,funding,BTCUSD,,2025-03-02 00:31:33.049587+05:30 IST Asia/Kolkata
377697938,14,USD,-0.02938733,,1124.18217499,funding,BTCUSD,,2025-03-01 23:31:33.121152+05:30 IST Asia/Kolkata
377598690,14,USD,-1.2036,-0.1836,1124.21156232,commission,BTCUSD,,2025-03-01 22:42:50.844237+05:30 IST Asia/Kolkata
376654275,14,USD,-0.023364,-0.003564,1125.41516232,commission,C-BTC-85600-010325,,2025-03-01 17:21:39.937016+05:30 IST Asia/Kolkata
376654274,14,USD,-0.198,,1125.43852632,cashflow,C-BTC-85600-010325,,2025-03-01 17:21:39.936972+05:30 IST Asia/Kolkata
376654155,14,USD,-0.0258066,-0.003937,1125.63652632,commission,C-BTC-86000-010325,,2025-03-01 17:21:34.481591+05:30 IST Asia/Kolkata
376654154,14,USD,-0.2187,,1125.66233292,cashflow,C-BTC-86000-010325,,2025-03-01 17:21:34.481544+05:30 IST Asia/Kolkata
376654153,14,USD,-0.0060534,-0.000923,1125.88103292,commission,C-BTC-86000-010325,,2025-03-01 17:21:34.337489+05:30 IST Asia/Kolkata
376654152,14,USD,-0.0513,,1125.88708632,cashflow,C-BTC-86000-010325,,2025-03-01 17:21:34.337448+05:30 IST Asia/Kolkata
376653892,14,USD,-0.00354,-0.00054,1125.93838632,commission,C-BTC-86400-010325,,2025-03-01 17:21:25.217047+05:30 IST Asia/Kolkata
376653891,14,USD,0.03,,1125.94192632,cashflow,C-BTC-86400-010325,,2025-03-01 17:21:25.217005+05:30 IST Asia/Kolkata
376653735,14,USD,-0.008496,-0.001296,1125.91192632,commission,C-BTC-85600-010325,,2025-03-01 17:21:14.842945+05:30 IST Asia/Kolkata
376653734,14,USD,-0.072,,1125.92042232,cashflow,C-BTC-85600-010325,,2025-03-01 17:21:14.842906+05:30 IST Asia/Kolkata
376653353,14,USD,-0.00354,-0.00054,1125.99242232,commission,C-BTC-85200-010325,,2025-03-01 17:21:05.720149+05:30 IST Asia/Kolkata
376653352,14,USD,0.03,,1125.99596232,cashflow,C-BTC-85200-010325,,2025-03-01 17:21:05.720106+05:30 IST Asia/Kolkata
376405666,14,USD,-0.066375,-0.010125,1125.96596232,commission,C-BTC-86000-010325,,2025-03-01 15:54:32.193357+05:30 IST Asia/Kolkata
376405665,14,USD,0.5625,,1126.03233732,cashflow,C-BTC-86000-010325,,2025-03-01 15:54:32.193306+05:30 IST Asia/Kolkata
376404036,14,USD,-0.092925,-0.014175,1125.46983732,commission,C-BTC-86000-010325,,2025-03-01 15:53:56.936012+05:30 IST Asia/Kolkata
376404035,14,USD,0.7875,,1125.56276232,cashflow,C-BTC-86000-010325,,2025-03-01 15:53:56.935960+05:30 IST Asia/Kolkata
376399762,14,USD,-0.1239,-0.0189,1124.77526232,commission,C-BTC-86400-010325,,2025-03-01 15:53:11.794090+05:30 IST Asia/Kolkata
376399761,14,USD,-1.05,,1124.89916232,cashflow,C-BTC-86400-010325,,2025-03-01 15:53:11.794049+05:30 IST Asia/Kolkata
376387250,14,USD,-0.9558,-0.1458,1125.94916232,commission,C-BTC-85600-010325,,2025-03-01 15:51:19.147185+05:30 IST Asia/Kolkata
376387249,14,USD,8.1,,1126.90496232,cashflow,C-BTC-85600-010325,,2025-03-01 15:51:19.147145+05:30 IST Asia/Kolkata
376385873,14,USD,-3.4692,-0.5292,1118.80496232,commission,C-BTC-85200-010325,,2025-03-01 15:50:53.753088+05:30 IST Asia/Kolkata
376385872,14,USD,-29.4,,1122.27416232,cashflow,C-BTC-85200-010325,,2025-03-01 15:50:53.753040+05:30 IST Asia/Kolkata
376330134,14,USD,-6.0358062,-0.920716,1151.67416232,commission,P-BTC-84800-020325,,2025-03-01 15:33:43.950319+05:30 IST Asia/Kolkata
376330133,14,USD,56.2,,1157.70996852,cashflow,P-BTC-84800-020325,,2025-03-01 15:33:43.950276+05:30 IST Asia/Kolkata
376330051,14,USD,-3.0208,-0.4608,1101.50996852,commission,P-BTC-84000-020325,,2025-03-01 15:33:43.731086+05:30 IST Asia/Kolkata
376330048,14,USD,-25.6,,1104.53076852,cashflow,P-BTC-84000-020325,,2025-03-01 15:33:43.731041+05:30 IST Asia/Kolkata
376330036,14,USD,-6.03628056,-0.920789,1130.13076852,commission,P-BTC-85200-020325,,2025-03-01 15:33:43.526368+05:30 IST Asia/Kolkata
376330035,14,USD,-89,,1136.16704908,cashflow,P-BTC-85200-020325,,2025-03-01 15:33:43.526321+05:30 IST Asia/Kolkata
376330032,14,USD,-4.3424,-0.6624,1225.16704908,commission,P-BTC-84400-020325,,2025-03-01 15:33:43.327399+05:30 IST Asia/Kolkata
376330031,14,USD,36.8,,1229.50944908,cashflow,P-BTC-84400-020325,,2025-03-01 15:33:43.327350+05:30 IST Asia/Kolkata
371681603,14,USD,-2.8239465,-0.430772,1192.70944908,commission,BTCUSD,,2025-02-28 12:06:29.731990+05:30 IST Asia/Kolkata
371681602,14,USD,-1.35,,1195.53339558,cashflow,BTCUSD,,2025-02-28 12:06:29.731959+05:30 IST Asia/Kolkata
371681601,14,USD,0.01594489,,1196.88339558,funding,BTCUSD,,2025-02-28 12:06:29.729098+05:30 IST Asia/Kolkata
371643326,14,USD,-1.12926,-0.17226,1196.86745069,commission,BTCUSD,,2025-02-28 11:47:14.192215+05:30 IST Asia/Kolkata
366444551,14,USD,-1.21264824,-0.18498,1197.99671069,commission,BTCUSD,,2025-02-26 23:28:04.521497+05:30 IST Asia/Kolkata
366444550,14,USD,70.32,,1199.20935893,cashflow,BTCUSD,,2025-02-26 23:28:04.521460+05:30 IST Asia/Kolkata
366332596,14,USD,-3.0731094,-0.468779,1128.88935893,commission,BTCUSD,,2025-02-26 22:52:31.138044+05:30 IST Asia/Kolkata
365542089,14,USD,-1.010375,-0.154125,1131.96246833,commission,BTCUSD,,2025-02-26 19:54:21.234558+05:30 IST Asia/Kolkata
365542088,14,USD,161.525,,1132.97284333,cashflow,BTCUSD,,2025-02-26 19:54:21.234519+05:30 IST Asia/Kolkata
365542087,14,USD,0.00891771,,971.44784333,funding,BTCUSD,,2025-02-26 19:54:21.226540+05:30 IST Asia/Kolkata
365406642,14,USD,0.02170636,,971.43892562,funding,BTCUSD,,2025-02-26 19:31:33.039583+05:30 IST Asia/Kolkata
365219772,14,USD,0.02184612,,971.41721926,funding,BTCUSD,,2025-02-26 18:31:33.068096+05:30 IST Asia/Kolkata
365027290,14,USD,0.02201408,,971.39537314,funding,BTCUSD,,2025-02-26 17:31:33.065085+05:30 IST Asia/Kolkata
364863371,14,USD,0.02203262,,971.37335906,funding,BTCUSD,,2025-02-26 16:31:33.058263+05:30 IST Asia/Kolkata
364725807,14,USD,0.02199622,,971.35132644,funding,BTCUSD,,2025-02-26 15:31:33.074807+05:30 IST Asia/Kolkata
364566557,14,USD,0.02187464,,971.32933022,funding,BTCUSD,,2025-02-26 14:31:33.051661+05:30 IST Asia/Kolkata
364415787,14,USD,0.02096723,,971.30745558,funding,BTCUSD,,2025-02-26 13:31:33.043309+05:30 IST Asia/Kolkata
364259912,14,USD,0.02095385,,971.28648835,funding,BTCUSD,,2025-02-26 12:31:33.065022+05:30 IST Asia/Kolkata
364117339,14,USD,0.00487285,,971.2655345,funding,BTCUSD,,2025-02-26 11:31:33.056474+05:30 IST Asia/Kolkata
364070294,14,USD,-0.20945118,-0.03195,971.26066165,commission,BTCUSD,,2025-02-26 11:15:15.881345+05:30 IST Asia/Kolkata
364070293,14,USD,1.05,,971.47011283,cashflow,BTCUSD,,2025-02-26 11:15:15.881305+05:30 IST Asia/Kolkata
364070292,14,USD,0.01929493,,970.42011283,funding,BTCUSD,,2025-02-26 11:15:15.876252+05:30 IST Asia/Kolkata
363982297,14,USD,0.00209772,,970.4008179,funding,BTCUSD,,2025-02-26 10:31:33.046236+05:30 IST Asia/Kolkata
363955349,14,USD,-3.1454847,-0.47982,970.39872018,commission,BTCUSD,,2025-02-26 10:24:29.994796+05:30 IST Asia/Kolkata
361993856,14,USD,-1.019,,973.54420488,cashflow,BTCUSD,,2025-02-25 20:08:42.411400+05:30 IST Asia/Kolkata
361993855,14,USD,-7.6425,,974.56320488,cashflow,BTCUSD,,2025-02-25 20:08:42.389541+05:30 IST Asia/Kolkata
361993853,14,USD,-10.19,,982.20570488,cashflow,BTCUSD,,2025-02-25 20:08:42.357438+05:30 IST Asia/Kolkata
361993852,14,USD,-3.5665,,992.39570488,cashflow,BTCUSD,,2025-02-25 20:08:42.344531+05:30 IST Asia/Kolkata
361993851,14,USD,-0.5095,,995.96220488,cashflow,BTCUSD,,2025-02-25 20:08:42.329682+05:30 IST Asia/Kolkata
361993849,14,USD,-0.5095,,996.47170488,cashflow,BTCUSD,,2025-02-25 20:08:42.317280+05:30 IST Asia/Kolkata
361993848,14,USD,-1.019,,996.98120488,cashflow,BTCUSD,,2025-02-25 20:08:42.305214+05:30 IST Asia/Kolkata
361993846,14,USD,-21.399,,998.00020488,cashflow,BTCUSD,,2025-02-25 20:08:42.292400+05:30 IST Asia/Kolkata
361993845,14,USD,-0.01666283,,1019.39920488,funding,BTCUSD,,2025-02-25 20:08:42.289502+05:30 IST Asia/Kolkata
361964535,14,USD,-4.72640445,-0.720977,1019.41586771,commission,BTCUSD,,2025-02-25 19:58:24.187804+05:30 IST Asia/Kolkata
358252628,14,USD,-1.7808088,-0.271649,1024.14227216,commission,BTCUSD,,2025-02-24 20:34:44.179027+05:30 IST Asia/Kolkata
358252624,14,USD,111.88,,1025.92308096,cashflow,BTCUSD,,2025-02-24 20:34:44.178978+05:30 IST Asia/Kolkata
358252620,14,USD,0.00372625,,914.04308096,funding,BTCUSD,,2025-02-24 20:34:44.173609+05:30 IST Asia/Kolkata
358203578,14,USD,0.04542806,,914.03935471,funding,BTCUSD,,2025-02-24 20:31:33.066908+05:30 IST Asia/Kolkata
357995153,14,USD,0.03119573,,913.99392665,funding,BTCUSD,,2025-02-24 19:31:33.063760+05:30 IST Asia/Kolkata
357914024,14,USD,-1.80721248,-0.275676,913.96273092,commission,BTCUSD,,2025-02-24 18:48:18.813118+05:30 IST Asia/Kolkata
356200088,14,USD,-3.5709219,-0.544717,915.7699434,commission,BTCUSD,,2025-02-24 04:31:45.233325+05:30 IST Asia/Kolkata
356200084,14,USD,28.35,,919.3408653,cashflow,BTCUSD,,2025-02-24 04:31:45.233285+05:30 IST Asia/Kolkata
356200080,14,USD,-0.39676704,-0.060524,890.9908653,commission,BTCUSD,,2025-02-24 04:31:45.136965+05:30 IST Asia/Kolkata
356200077,14,USD,3.1535,,891.38763234,cashflow,BTCUSD,,2025-02-24 04:31:45.136915+05:30 IST Asia/Kolkata
356200074,14,USD,0.0008685,,888.23413234,funding,BTCUSD,,2025-02-24 04:31:45.134109+05:30 IST Asia/Kolkata
356197043,14,USD,0.02601358,,888.23326384,funding,BTCUSD,,2025-02-24 04:31:33.036946+05:30 IST Asia/Kolkata
356123620,14,USD,0.02600838,,888.20725026,funding,BTCUSD,,2025-02-24 03:31:33.046170+05:30 IST Asia/Kolkata
356060095,14,USD,0.02601812,,888.18124188,funding,BTCUSD,,2025-02-24 02:31:33.047950+05:30 IST Asia/Kolkata
355986517,14,USD,0.02602626,,888.15522376,funding,BTCUSD,,2025-02-24 01:31:33.048116+05:30 IST Asia/Kolkata
355906710,14,USD,0.02556899,,888.1291975,funding,BTCUSD,,2025-02-24 00:31:33.056075+05:30 IST Asia/Kolkata
355798167,14,USD,0.0263822,,888.10362851,funding,BTCUSD,,2025-02-23 23:31:33.045775+05:30 IST Asia/Kolkata
355664606,14,USD,0.02694657,,888.07724631,funding,BTCUSD,,2025-02-23 22:31:33.051168+05:30 IST Asia/Kolkata
355530633,14,USD,0.08364856,,888.05029974,funding,BTCUSD,,2025-02-23 21:31:33.031390+05:30 IST Asia/Kolkata
355383323,14,USD,0.08389699,,887.96665118,funding,BTCUSD,,2025-02-23 20:31:33.059010+05:30 IST Asia/Kolkata
355249311,14,USD,0.08386708,,887.88275419,funding,BTCUSD,,2025-02-23 19:31:33.033633+05:30 IST Asia/Kolkata
355118094,14,USD,0.08390081,,887.79888711,funding,BTCUSD,,2025-02-23 18:31:33.057315+05:30 IST Asia/Kolkata
354964953,14,USD,0.08414405,,887.7149863,funding,BTCUSD,,2025-02-23 17:31:33.056814+05:30 IST Asia/Kolkata
354830017,14,USD,0.08414599,,887.63084225,funding,BTCUSD,,2025-02-23 16:31:33.043086+05:30 IST Asia/Kolkata
354706323,14,USD,0.08427563,,887.54669626,funding,BTCUSD,,2025-02-23 15:31:33.057788+05:30 IST Asia/Kolkata
354576492,14,USD,0.08434959,,887.46242063,funding,BTCUSD,,2025-02-23 14:31:33.059191+05:30 IST Asia/Kolkata
354451639,14,USD,0.08436181,,887.37807104,funding,BTCUSD,,2025-02-23 13:31:33.055546+05:30 IST Asia/Kolkata
354304342,14,USD,0.08422744,,887.29370923,funding,BTCUSD,,2025-02-23 12:31:33.045568+05:30 IST Asia/Kolkata
354180983,14,USD,0.08426744,,887.20948179,funding,BTCUSD,,2025-02-23 11:31:33.064528+05:30 IST Asia/Kolkata
354043546,14,USD,0.08436989,,887.12521435,funding,BTCUSD,,2025-02-23 10:31:33.067188+05:30 IST Asia/Kolkata
353932818,14,USD,0.08441853,,887.04084446,funding,BTCUSD,,2025-02-23 09:31:33.055306+05:30 IST Asia/Kolkata
353830042,14,USD,0.084354,,886.95642593,funding,BTCUSD,,2025-02-23 08:31:33.049057+05:30 IST Asia/Kolkata
353743790,14,USD,0.08441301,,886.87207193,funding,BTCUSD,,2025-02-23 07:31:33.051551+05:30 IST Asia/Kolkata
353664497,14,USD,0.0844624,,886.78765892,funding,BTCUSD,,2025-02-23 06:31:33.068332+05:30 IST Asia/Kolkata
353589423,14,USD,0.08449775,,886.70319652,funding,BTCUSD,,2025-02-23 05:31:33.044009+05:30 IST Asia/Kolkata
353525860,14,USD,0.08453731,,886.61869877,funding,BTCUSD,,2025-02-23 04:31:33.043835+05:30 IST Asia/Kolkata
353459388,14,USD,0.08447612,,886.53416146,funding,BTCUSD,,2025-02-23 03:31:33.052737+05:30 IST Asia/Kolkata
353388854,14,USD,0.08305043,,886.44968534,funding,BTCUSD,,2025-02-23 02:31:33.049068+05:30 IST Asia/Kolkata
353301567,14,USD,0.05631901,,886.36663491,funding,BTCUSD,,2025-02-23 01:31:33.056072+05:30 IST Asia/Kolkata
353260435,14,USD,-1.5945104,-0.24323,886.3103159,commission,BTCUSD,,2025-02-23 00:50:28.269077+05:30 IST Asia/Kolkata
352221890,14,USD,-10.83,,887.9048263,cashflow,BTCUSD,,2025-02-22 18:04:05.970664+05:30 IST Asia/Kolkata
352221888,14,USD,0.02294288,,898.7348263,funding,BTCUSD,,2025-02-22 18:04:05.964158+05:30 IST Asia/Kolkata
352194647,14,USD,-5.41145935,-0.825477,898.71188342,commission,BTCUSD,,2025-02-22 17:52:14.678021+05:30 IST Asia/Kolkata
350490891,14,USD,-1.57362086,-0.240044,904.12334277,commission,BTCUSD,,2025-02-22 01:20:12.671937+05:30 IST Asia/Kolkata
350490890,14,USD,198.365,,905.69696363,cashflow,BTCUSD,,2025-02-22 01:20:12.671896+05:30 IST Asia/Kolkata
350490889,14,USD,-0.01268913,,707.33196363,funding,BTCUSD,,2025-02-22 01:20:12.663125+05:30 IST Asia/Kolkata
350347859,14,USD,-0.01504923,,707.34465276,funding,BTCUSD,,2025-02-22 00:31:33.065768+05:30 IST Asia/Kolkata
350188394,14,USD,-0.01516514,,707.35970199,funding,BTCUSD,,2025-02-21 23:31:33.038194+05:30 IST Asia/Kolkata
349955750,14,USD,-0.01499796,,707.37486713,funding,BTCUSD,,2025-02-21 22:31:33.047278+05:30 IST Asia/Kolkata
349735544,14,USD,0.00006271,,707.38986509,funding,BTCUSD,,2025-02-21 21:31:33.056781+05:30 IST Asia/Kolkata
349697936,14,USD,-0.579675,-0.088425,707.38980238,commission,BTCUSD,,2025-02-21 21:23:40.971465+05:30 IST Asia/Kolkata
349691444,14,USD,-1.04076,-0.15876,707.96947738,commission,BTCUSD,,2025-02-21 21:22:19.663587+05:30 IST Asia/Kolkata
347396291,14,USD,-0.6217184,-0.094838,709.01023738,commission,BNBUSD,,2025-02-21 04:02:39.309419+05:30 IST Asia/Kolkata
347396290,14,USD,-37.6,,709.63195578,cashflow,BNBUSD,,2025-02-21 04:02:39.309358+05:30 IST Asia/Kolkata
347396289,14,USD,-0.01830246,,747.23195578,funding,BNBUSD,,2025-02-21 04:02:39.301562+05:30 IST Asia/Kolkata
347350888,14,USD,-0.03325251,,747.25025824,funding,BNBUSD,,2025-02-21 03:31:33.047307+05:30 IST Asia/Kolkata
347263573,14,USD,-0.03339638,,747.28351075,funding,BNBUSD,,2025-02-21 02:31:33.044847+05:30 IST Asia/Kolkata
347165869,14,USD,-0.03333654,,747.31690713,funding,BNBUSD,,2025-02-21 01:31:33.049018+05:30 IST Asia/Kolkata
347050473,14,USD,-0.03270505,,747.35024367,funding,BNBUSD,,2025-02-21 00:31:33.053344+05:30 IST Asia/Kolkata
346872052,14,USD,-0.03304659,,747.38294872,funding,BNBUSD,,2025-02-20 23:31:33.042811+05:30 IST Asia/Kolkata
346722605,14,USD,-0.03365411,,747.41599531,funding,BNBUSD,,2025-02-20 22:31:33.060529+05:30 IST Asia/Kolkata
346542670,14,USD,-0.02367459,,747.44964942,funding,BNBUSD,,2025-02-20 21:31:33.053995+05:30 IST Asia/Kolkata
346376093,14,USD,-0.02384294,,747.47332401,funding,BNBUSD,,2025-02-20 20:31:33.064982+05:30 IST Asia/Kolkata
346130324,14,USD,-0.02366815,,747.49716695,funding,BNBUSD,,2025-02-20 19:31:33.044064+05:30 IST Asia/Kolkata
346003375,14,USD,-0.02371331,,747.5208351,funding,BNBUSD,,2025-02-20 18:31:33.052446+05:30 IST Asia/Kolkata
345878161,14,USD,-0.02332862,,747.54454841,funding,BNBUSD,,2025-02-20 17:31:33.056696+05:30 IST Asia/Kolkata
345749381,14,USD,-0.02410487,,747.56787703,funding,BNBUSD,,2025-02-20 16:31:33.051215+05:30 IST Asia/Kolkata
345630432,14,USD,-0.02368691,,747.5919819,funding,BNBUSD,,2025-02-20 15:31:33.050119+05:30 IST Asia/Kolkata
345534398,14,USD,-0.02394716,,747.61566881,funding,BNBUSD,,2025-02-20 14:31:33.057147+05:30 IST Asia/Kolkata
345432862,14,USD,-0.03849177,,747.63961597,funding,BNBUSD,,2025-02-20 13:31:33.051685+05:30 IST Asia/Kolkata
345322536,14,USD,-0.03839553,,747.67810774,funding,BNBUSD,,2025-02-20 12:31:33.028366+05:30 IST Asia/Kolkata
345215398,14,USD,-0.0386705,,747.71650327,funding,BNBUSD,,2025-02-20 11:31:33.037449+05:30 IST Asia/Kolkata
345110351,14,USD,-0.03875672,,747.75517377,funding,BNBUSD,,2025-02-20 10:31:33.024993+05:30 IST Asia/Kolkata
345006238,14,USD,-0.03874708,,747.79393049,funding,BNBUSD,,2025-02-20 09:31:33.045670+05:30 IST Asia/Kolkata
344909472,14,USD,-0.03859212,,747.83267757,funding,BNBUSD,,2025-02-20 08:31:33.033847+05:30 IST Asia/Kolkata
344805238,14,USD,-0.03871502,,747.87126969,funding,BNBUSD,,2025-02-20 07:31:33.036996+05:30 IST Asia/Kolkata
344725751,14,USD,-0.04073806,,747.90998471,funding,BNBUSD,,2025-02-20 06:31:33.042704+05:30 IST Asia/Kolkata
344652675,14,USD,-0.16088192,,747.95072277,funding,BNBUSD,,2025-02-20 05:31:33.037851+05:30 IST Asia/Kolkata
344585152,14,USD,-0.16103003,,748.11160469,funding,BNBUSD,,2025-02-20 04:31:33.048711+05:30 IST Asia/Kolkata
344518875,14,USD,-0.16087513,,748.27263472,funding,BNBUSD,,2025-02-20 03:31:33.043062+05:30 IST Asia/Kolkata
344446797,14,USD,-0.16067294,,748.43350985,funding,BNBUSD,,2025-02-20 02:31:33.035196+05:30 IST Asia/Kolkata
344363482,14,USD,-0.16051023,,748.59418279,funding,BNBUSD,,2025-02-20 01:31:33.026115+05:30 IST Asia/Kolkata
344253502,14,USD,-0.16166717,,748.75469302,funding,BNBUSD,,2025-02-20 00:31:33.046293+05:30 IST Asia/Kolkata
344117050,14,USD,-0.16177629,,748.91636019,funding,BNBUSD,,2025-02-19 23:31:33.036275+05:30 IST Asia/Kolkata
343964786,14,USD,-0.16153761,,749.07813648,funding,BNBUSD,,2025-02-19 22:31:33.030643+05:30 IST Asia/Kolkata
343821634,14,USD,0.03148772,,749.23967409,funding,BNBUSD,,2025-02-19 21:31:33.039875+05:30 IST Asia/Kolkata
343638781,14,USD,-0.6128448,-0.093485,749.20818637,commission,BNBUSD,,2025-02-19 20:31:32.733645+05:30 IST Asia/Kolkata
340213391,14,USD,-3.67467783,-0.560544,749.82103117,commission,BTCUSD,,2025-02-18 17:51:35.551475+05:30 IST Asia/Kolkata
340213390,14,USD,10.2325,,753.495709,cashflow,BTCUSD,,2025-02-18 17:51:35.551410+05:30 IST Asia/Kolkata
340213389,14,USD,0.02852895,,743.263209,funding,BTCUSD,,2025-02-18 17:51:35.549333+05:30 IST Asia/Kolkata
340153784,14,USD,0.07772822,,743.23468005,funding,BTCUSD,,2025-02-18 17:31:33.042094+05:30 IST Asia/Kolkata
340020616,14,USD,0.07779426,,743.15695183,funding,BTCUSD,,2025-02-18 16:31:33.054528+05:30 IST Asia/Kolkata
339903795,14,USD,0.07632303,,743.07915757,funding,BTCUSD,,2025-02-18 15:31:33.044892+05:30 IST Asia/Kolkata
339763241,14,USD,0.07853139,,743.00283454,funding,BTCUSD,,2025-02-18 14:31:33.043024+05:30 IST Asia/Kolkata
339640224,14,USD,0.06365896,,742.92430315,funding,BTCUSD,,2025-02-18 13:31:33.050273+05:30 IST Asia/Kolkata
339524604,14,USD,0.06359936,,742.86064419,funding,BTCUSD,,2025-02-18 12:31:33.049999+05:30 IST Asia/Kolkata
339364998,14,USD,0.06388316,,742.79704483,funding,BTCUSD,,2025-02-18 11:31:33.039682+05:30 IST Asia/Kolkata
339226201,14,USD,0.06411235,,742.73316167,funding,BTCUSD,,2025-02-18 10:31:33.047193+05:30 IST Asia/Kolkata
339124073,14,USD,0.06412571,,742.66904932,funding,BTCUSD,,2025-02-18 09:31:33.050038+05:30 IST Asia/Kolkata
339038531,14,USD,0.06409683,,742.60492361,funding,BTCUSD,,2025-02-18 08:31:33.030672+05:30 IST Asia/Kolkata
338954194,14,USD,0.06400377,,742.54082678,funding,BTCUSD,,2025-02-18 07:31:33.036343+05:30 IST Asia/Kolkata
338876105,14,USD,0.0629578,,742.47682301,funding,BTCUSD,,2025-02-18 06:31:33.041455+05:30 IST Asia/Kolkata
338802086,14,USD,0.01356752,,742.41386521,funding,BTCUSD,,2025-02-18 05:31:33.026502+05:30 IST Asia/Kolkata
338741071,14,USD,0.01360855,,742.40029769,funding,BTCUSD,,2025-02-18 04:31:33.027097+05:30 IST Asia/Kolkata
338673999,14,USD,0.01360548,,742.38668914,funding,BTCUSD,,2025-02-18 03:31:33.025048+05:30 IST Asia/Kolkata
338598406,14,USD,0.00359138,,742.37308366,funding,BTCUSD,,2025-02-18 02:31:33.041004+05:30 IST Asia/Kolkata
338574923,14,USD,-0.6803172,-0.103777,742.36949228,commission,BTCUSD,,2025-02-18 02:18:35.991777+05:30 IST Asia/Kolkata
338568487,14,USD,-0.7919688,-0.120809,743.04980948,commission,BTCUSD,,2025-02-18 02:09:21.701845+05:30 IST Asia/Kolkata
338271564,14,USD,-0.9750045,-0.14873,743.84177828,commission,BNBUSD,,2025-02-17 23:32:17.409571+05:30 IST Asia/Kolkata
338271562,14,USD,2.6125,,744.81678278,cashflow,BNBUSD,,2025-02-17 23:32:17.409536+05:30 IST Asia/Kolkata
338271560,14,USD,0.00207777,,742.20428278,funding,BNBUSD,,2025-02-17 23:32:17.407472+05:30 IST Asia/Kolkata
338260077,14,USD,0.04187542,,742.20220501,funding,BNBUSD,,2025-02-17 23:31:33.059570+05:30 IST Asia/Kolkata
338091099,14,USD,0.04088587,,742.16032959,funding,BNBUSD,,2025-02-17 22:31:33.049829+05:30 IST Asia/Kolkata
337888269,14,USD,-0.01930798,,742.11944372,funding,BNBUSD,,2025-02-17 21:31:33.053987+05:30 IST Asia/Kolkata
337700892,14,USD,-0.0208603,,742.1387517,funding,BNBUSD,,2025-02-17 20:41:33.058515+05:30 IST Asia/Kolkata
337491748,14,USD,-0.02206593,,742.159612,funding,BNBUSD,,2025-02-17 19:41:33.048676+05:30 IST Asia/Kolkata
337299561,14,USD,-0.02062768,,742.18167793,funding,BNBUSD,,2025-02-17 18:31:33.050287+05:30 IST Asia/Kolkata
337167151,14,USD,-0.020464,,742.20230561,funding,BNBUSD,,2025-02-17 17:31:33.038255+05:30 IST Asia/Kolkata
337045247,14,USD,-0.02052102,,742.22276961,funding,BNBUSD,,2025-02-17 16:31:33.027089+05:30 IST Asia/Kolkata
336903389,14,USD,-0.02052481,,742.24329063,funding,BNBUSD,,2025-02-17 15:31:33.039597+05:30 IST Asia/Kolkata
336791959,14,USD,-0.01906338,,742.26381544,funding,BNBUSD,,2025-02-17 14:31:33.040381+05:30 IST Asia/Kolkata
336677221,14,USD,0.06453442,,742.28287882,funding,BNBUSD,,2025-02-17 13:31:33.043678+05:30 IST Asia/Kolkata
336555160,14,USD,0.0648121,,742.2183444,funding,BNBUSD,,2025-02-17 12:31:33.052482+05:30 IST Asia/Kolkata
336447019,14,USD,0.06456577,,742.1535323,funding,BNBUSD,,2025-02-17 11:31:33.035086+05:30 IST Asia/Kolkata
336305042,14,USD,0.06443136,,742.08896653,funding,BNBUSD,,2025-02-17 10:31:33.024019+05:30 IST Asia/Kolkata
336195086,14,USD,0.06452918,,742.02453517,funding,BNBUSD,,2025-02-17 09:31:33.043397+05:30 IST Asia/Kolkata
336098845,14,USD,0.06456845,,741.96000599,funding,BNBUSD,,2025-02-17 08:31:33.051229+05:30 IST Asia/Kolkata
336009519,14,USD,0.06368304,,741.89543754,funding,BNBUSD,,2025-02-17 07:31:33.051121+05:30 IST Asia/Kolkata
335926127,14,USD,0.06645634,,741.8317545,funding,BNBUSD,,2025-02-17 06:31:33.030865+05:30 IST Asia/Kolkata
335852576,14,USD,0.09029034,,741.76529816,funding,BNBUSD,,2025-02-17 05:31:33.043576+05:30 IST Asia/Kolkata
335780539,14,USD,0.0905092,,741.67500782,funding,BNBUSD,,2025-02-17 04:31:33.033088+05:30 IST Asia/Kolkata
335703272,14,USD,0.09051585,,741.58449862,funding,BNBUSD,,2025-02-17 03:31:33.042452+05:30 IST Asia/Kolkata
335626284,14,USD,0.0904809,,741.49398277,funding,BNBUSD,,2025-02-17 02:31:33.044580+05:30 IST Asia/Kolkata
335548242,14,USD,0.08984838,,741.40350187,funding,BNBUSD,,2025-02-17 01:31:33.044379+05:30 IST Asia/Kolkata
335457584,14,USD,0.08993217,,741.31365349,funding,BNBUSD,,2025-02-17 00:31:33.048336+05:30 IST Asia/Kolkata
335319760,14,USD,0.09009099,,741.22372132,funding,BNBUSD,,2025-02-16 23:31:33.057110+05:30 IST Asia/Kolkata
335198096,14,USD,0.08904197,,741.13363033,funding,BNBUSD,,2025-02-16 22:31:33.057163+05:30 IST Asia/Kolkata
335079069,14,USD,0.01030714,,741.04458836,funding,BNBUSD,,2025-02-16 21:31:33.052135+05:30 IST Asia/Kolkata
335030943,14,USD,-0.2417466,-0.036877,741.03428122,commission,BNBUSD,,2025-02-16 20:57:54.905321+05:30 IST Asia/Kolkata
335030942,14,USD,34.3875,,741.27602782,cashflow,BNBUSD,,2025-02-16 20:57:54.905279+05:30 IST Asia/Kolkata
335030941,14,USD,0.01431761,,706.88852782,funding,BNBUSD,,2025-02-16 20:57:54.900031+05:30 IST Asia/Kolkata
334956279,14,USD,0.03033935,,706.87421021,funding,BNBUSD,,2025-02-16 20:31:33.052885+05:30 IST Asia/Kolkata
334810128,14,USD,0.03014408,,706.84387086,funding,BNBUSD,,2025-02-16 19:31:33.032714+05:30 IST Asia/Kolkata
334649500,14,USD,0.0297599,,706.81372678,funding,BNBUSD,,2025-02-16 18:31:33.054960+05:30 IST Asia/Kolkata
334542709,14,USD,0.03071084,,706.78396688,funding,BNBUSD,,2025-02-16 17:31:33.021488+05:30 IST Asia/Kolkata
334420733,14,USD,0.03008304,,706.75325604,funding,BNBUSD,,2025-02-16 16:31:33.047403+05:30 IST Asia/Kolkata
334331441,14,USD,-1.30935042,-0.199731,706.723173,commission,BTCUSD,,2025-02-16 15:33:31.435149+05:30 IST Asia/Kolkata
334331437,14,USD,-11.97,,708.03252342,cashflow,BTCUSD,,2025-02-16 15:33:31.435088+05:30 IST Asia/Kolkata
334331400,14,USD,-0.6891318,-0.105122,720.00252342,commission,BTCUSD,,2025-02-16 15:33:31.192385+05:30 IST Asia/Kolkata
334331399,14,USD,-6.3,,720.69165522,cashflow,BTCUSD,,2025-02-16 15:33:31.192339+05:30 IST Asia/Kolkata
334331322,14,USD,-0.06891318,-0.010512,726.99165522,commission,BTCUSD,,2025-02-16 15:33:30.971237+05:30 IST Asia/Kolkata
334331316,14,USD,-0.63,,727.0605684,cashflow,BTCUSD,,2025-02-16 15:33:30.971188+05:30 IST Asia/Kolkata
334331312,14,USD,0.00208383,,727.6905684,funding,BTCUSD,,2025-02-16 15:33:30.966244+05:30 IST Asia/Kolkata
334308118,14,USD,0.0297033,,727.68848457,funding,BNBUSD,,2025-02-16 15:31:33.047816+05:30 IST Asia/Kolkata
334308122,14,USD,0.03133429,,727.65878127,funding,BTCUSD,,2025-02-16 15:31:33.047670+05:30 IST Asia/Kolkata
334182447,14,USD,0.02899351,,727.62744698,funding,BNBUSD,,2025-02-16 14:31:33.051308+05:30 IST Asia/Kolkata
334182450,14,USD,0.00783124,,727.59845347,funding,BTCUSD,,2025-02-16 14:31:33.051023+05:30 IST Asia/Kolkata
334148569,14,USD,-2.062935,-0.314685,727.59062223,commission,BTCUSD,,2025-02-16 14:14:51.972853+05:30 IST Asia/Kolkata
334064365,14,USD,-0.00966757,,729.65355723,funding,BNBUSD,,2025-02-16 13:31:33.048206+05:30 IST Asia/Kolkata
333925103,14,USD,-0.00971803,,729.6632248,funding,BNBUSD,,2025-02-16 12:31:33.051578+05:30 IST Asia/Kolkata
333816322,14,USD,-0.00972112,,729.67294283,funding,BNBUSD,,2025-02-16 11:31:33.051092+05:30 IST Asia/Kolkata
333708305,14,USD,-0.00958425,,729.68266395,funding,BNBUSD,,2025-02-16 10:31:33.027902+05:30 IST Asia/Kolkata
333616410,14,USD,-0.00985408,,729.6922482,funding,BNBUSD,,2025-02-16 09:31:33.034347+05:30 IST Asia/Kolkata
333527983,14,USD,-0.00971755,,729.70210228,funding,BNBUSD,,2025-02-16 08:31:33.043743+05:30 IST Asia/Kolkata
333443074,14,USD,-0.0097638,,729.71181983,funding,BNBUSD,,2025-02-16 07:31:33.047194+05:30 IST Asia/Kolkata
333370698,14,USD,-0.00939442,,729.72158363,funding,BNBUSD,,2025-02-16 06:31:33.044667+05:30 IST Asia/Kolkata
333300771,14,USD,0.01254012,,729.73097805,funding,BNBUSD,,2025-02-16 05:31:33.045998+05:30 IST Asia/Kolkata
333239777,14,USD,0.01217726,,729.71843793,funding,BNBUSD,,2025-02-16 04:31:33.032908+05:30 IST Asia/Kolkata
333212860,14,USD,-0.156232,-0.023832,729.70626067,commission,BNBUSD,,2025-02-16 03:44:29.302906+05:30 IST Asia/Kolkata
333173018,14,USD,0.00954685,,729.86249267,funding,BNBUSD,,2025-02-16 03:31:33.037673+05:30 IST Asia/Kolkata
333105354,14,USD,0.00954982,,729.85294582,funding,BNBUSD,,2025-02-16 02:31:33.046537+05:30 IST Asia/Kolkata
333019126,14,USD,0.00960236,,729.843396,funding,BNBUSD,,2025-02-16 01:31:33.032124+05:30 IST Asia/Kolkata
332923832,14,USD,0.0096497,,729.83379364,funding,BNBUSD,,2025-02-16 00:31:33.052496+05:30 IST Asia/Kolkata
332811455,14,USD,0.00962883,,729.82414394,funding,BNBUSD,,2025-02-15 23:31:33.057849+05:30 IST Asia/Kolkata
332681055,14,USD,0.0090674,,729.81451511,funding,BNBUSD,,2025-02-15 22:31:33.053681+05:30 IST Asia/Kolkata
332556114,14,USD,-0.02486606,,729.80544771,funding,BNBUSD,,2025-02-15 21:31:33.051525+05:30 IST Asia/Kolkata
332432654,14,USD,-0.02475789,,729.83031377,funding,BNBUSD,,2025-02-15 20:31:33.044715+05:30 IST Asia/Kolkata
332259840,14,USD,-0.02480079,,729.85507166,funding,BNBUSD,,2025-02-15 19:31:33.043261+05:30 IST Asia/Kolkata
332141717,14,USD,-0.02473077,,729.87987245,funding,BNBUSD,,2025-02-15 18:31:33.049603+05:30 IST Asia/Kolkata
332031946,14,USD,-0.0245995,,729.90460322,funding,BNBUSD,,2025-02-15 17:31:33.055242+05:30 IST Asia/Kolkata
331893870,14,USD,-0.02465053,,729.92920272,funding,BNBUSD,,2025-02-15 16:31:33.050919+05:30 IST Asia/Kolkata
331770359,14,USD,-0.02423909,,729.95385325,funding,BNBUSD,,2025-02-15 15:31:33.022241+05:30 IST Asia/Kolkata
331654755,14,USD,-0.01151403,,729.97809234,funding,BNBUSD,,2025-02-15 14:31:33.027111+05:30 IST Asia/Kolkata
331613160,14,USD,-0.4667844,-0.071204,729.98960637,commission,BNBUSD,,2025-02-15 14:02:56.208928+05:30 IST Asia/Kolkata
328712623,14,USD,-2.405784,-0.366984,730.45639077,commission,DOGEUSD,,2025-02-14 15:23:04.563137+05:30 IST Asia/Kolkata
328712622,14,USD,80.265,,732.86217477,cashflow,DOGEUSD,,2025-02-14 15:23:04.563104+05:30 IST Asia/Kolkata
328712621,14,USD,-0.00052253,,652.59717477,funding,DOGEUSD,,2025-02-14 15:23:04.561166+05:30 IST Asia/Kolkata
328612678,14,USD,-0.00023575,,652.5976973,funding,DOGEUSD,,2025-02-14 14:31:33.055283+05:30 IST Asia/Kolkata
328574188,14,USD,-0.43395069,-0.066196,652.59793305,commission,DOGEUSD,,2025-02-14 14:05:14.421739+05:30 IST Asia/Kolkata
328573458,14,USD,-0.22011992,-0.033578,653.03188374,commission,DOGEUSD,,2025-02-14 14:04:45.447958+05:30 IST Asia/Kolkata
328573457,14,USD,-0.03773485,-0.005756,653.25200366,commission,DOGEUSD,,2025-02-14 14:04:45.253104+05:30 IST Asia/Kolkata
328573372,14,USD,-0.25156562,-0.038374,653.28973851,commission,DOGEUSD,,2025-02-14 14:04:43.999495+05:30 IST Asia/Kolkata
326922384,14,USD,-2.4823601,-0.378665,653.54130413,commission,BTCUSD,,2025-02-13 21:39:06.687029+05:30 IST Asia/Kolkata
326922383,14,USD,-7.85,,656.02366423,cashflow,BTCUSD,,2025-02-13 21:39:06.686982+05:30 IST Asia/Kolkata
326922382,14,USD,-3.72355962,-0.568001,663.87366423,commission,BTCUSD,,2025-02-13 21:39:06.677471+05:30 IST Asia/Kolkata
326922381,14,USD,-11.742,,667.59722385,cashflow,BTCUSD,,2025-02-13 21:39:06.677425+05:30 IST Asia/Kolkata
326922380,14,USD,0.00299877,,679.33922385,funding,BTCUSD,,2025-02-13 21:39:06.674170+05:30 IST Asia/Kolkata
326871923,14,USD,-0.05963925,,679.33622508,funding,BTCUSD,,2025-02-13 21:31:33.059801+05:30 IST Asia/Kolkata
326675515,14,USD,-0.01254557,,679.39586433,funding,BTCUSD,,2025-02-13 20:31:33.055010+05:30 IST Asia/Kolkata
326653247,14,USD,-0.4521996,-0.06898,679.4084099,commission,BTCUSD,,2025-02-13 20:27:23.499202+05:30 IST Asia/Kolkata
326628322,14,USD,-1.243484,-0.189684,679.8606095,commission,BTCUSD,,2025-02-13 20:14:04.265692+05:30 IST Asia/Kolkata
326628287,14,USD,-0.2034792,-0.031039,681.1040935,commission,BTCUSD,,2025-02-13 20:14:03.968140+05:30 IST Asia/Kolkata
326628280,14,USD,-0.0226088,-0.003449,681.3075727,commission,BTCUSD,,2025-02-13 20:14:03.772617+05:30 IST Asia/Kolkata
326628264,14,USD,-0.0678264,-0.010346,681.3301815,commission,BTCUSD,,2025-02-13 20:14:03.570819+05:30 IST Asia/Kolkata
326628260,14,USD,-0.4973936,-0.075874,681.3980079,commission,BTCUSD,,2025-02-13 20:14:03.421129+05:30 IST Asia/Kolkata
326385340,14,USD,3.948,,681.8954015,cashflow,BNBUSD,,2025-02-13 18:54:59.632768+05:30 IST Asia/Kolkata
326385339,14,USD,38.222,,677.9474015,cashflow,BNBUSD,,2025-02-13 18:54:59.624576+05:30 IST Asia/Kolkata
326385338,14,USD,0.00586143,,639.7254015,funding,BNBUSD,,2025-02-13 18:54:59.622385+05:30 IST Asia/Kolkata
326370748,14,USD,-0.0335592,-0.005119,639.71954007,commission,BNBUSD,,2025-02-13 18:44:20.211865+05:30 IST Asia/Kolkata
326370747,14,USD,-0.2684736,-0.040954,639.75309927,commission,BNBUSD,,2025-02-13 18:44:20.203127+05:30 IST Asia/Kolkata
326370746,14,USD,-0.2349144,-0.035834,640.02157287,commission,BNBUSD,,2025-02-13 18:44:20.194346+05:30 IST Asia/Kolkata
324593067,14,USD,-1.015213,-0.154863,640.25648727,commission,BNBUSD,,2025-02-13 01:05:34.580644+05:30 IST Asia/Kolkata
324593066,14,USD,75.425,,641.27170027,cashflow,BNBUSD,,2025-02-13 01:05:34.580609+05:30 IST Asia/Kolkata
324593065,14,USD,-0.0082549,,565.84670027,funding,BNBUSD,,2025-02-13 01:05:34.578604+05:30 IST Asia/Kolkata
324514437,14,USD,-0.01359164,,565.85495517,funding,BNBUSD,,2025-02-13 00:31:33.039416+05:30 IST Asia/Kolkata
324372456,14,USD,-0.01338934,,565.86854681,funding,BNBUSD,,2025-02-12 23:31:33.046646+05:30 IST Asia/Kolkata
324150269,14,USD,-0.01253161,,565.88193615,funding,BNBUSD,,2025-02-12 22:31:33.060783+05:30 IST Asia/Kolkata
323960604,14,USD,-1.013148,-0.154548,565.89446776,commission,BTCUSD,,2025-02-12 21:39:52.521329+05:30 IST Asia/Kolkata
323960603,14,USD,-16.74,,566.90761576,cashflow,BTCUSD,,2025-02-12 21:39:52.521289+05:30 IST Asia/Kolkata
323960599,14,USD,-0.0225144,-0.003434,583.64761576,commission,BTCUSD,,2025-02-12 21:39:52.288050+05:30 IST Asia/Kolkata
323960598,14,USD,-0.372,,583.67013016,cashflow,BTCUSD,,2025-02-12 21:39:52.288022+05:30 IST Asia/Kolkata
323960568,14,USD,-0.0225144,-0.003434,584.04213016,commission,BTCUSD,,2025-02-12 21:39:52.048318+05:30 IST Asia/Kolkata
323960567,14,USD,-0.372,,584.06464456,cashflow,BTCUSD,,2025-02-12 21:39:52.048267+05:30 IST Asia/Kolkata
323960562,14,USD,-0.225144,-0.034344,584.43664456,commission,BTCUSD,,2025-02-12 21:39:51.852000+05:30 IST Asia/Kolkata
323960561,14,USD,-3.72,,584.66178856,cashflow,BTCUSD,,2025-02-12 21:39:51.851953+05:30 IST Asia/Kolkata
323960518,14,USD,-0.0450288,-0.006869,588.38178856,commission,BTCUSD,,2025-02-12 21:39:51.615455+05:30 IST Asia/Kolkata
323960516,14,USD,-0.744,,588.42681736,cashflow,BTCUSD,,2025-02-12 21:39:51.615394+05:30 IST Asia/Kolkata
323960514,14,USD,-0.0900576,-0.013738,589.17081736,commission,BTCUSD,,2025-02-12 21:39:51.370619+05:30 IST Asia/Kolkata
323960512,14,USD,-1.488,,589.26087496,cashflow,BTCUSD,,2025-02-12 21:39:51.370579+05:30 IST Asia/Kolkata
323960464,14,USD,-0.6078888,-0.092729,590.74887496,commission,BTCUSD,,2025-02-12 21:39:51.129000+05:30 IST Asia/Kolkata
323960462,14,USD,-10.044,,591.35676376,cashflow,BTCUSD,,2025-02-12 21:39:51.128967+05:30 IST Asia/Kolkata
323960460,14,USD,-0.01512573,,601.40076376,funding,BTCUSD,,2025-02-12 21:39:51.124301+05:30 IST Asia/Kolkata
323906774,14,USD,0.00133476,,601.41588949,funding,BNBUSD,,2025-02-12 21:31:33.048522+05:30 IST Asia/Kolkata
323906780,14,USD,-0.0024183,,601.41455473,funding,BTCUSD,,2025-02-12 21:31:33.048331+05:30 IST Asia/Kolkata
323886112,14,USD,-0.3882849,-0.05923,601.41697303,commission,BNBUSD,,2025-02-12 21:26:24.534427+05:30 IST Asia/Kolkata
323883537,14,USD,-5.0854932,-0.775753,601.80525793,commission,BTCUSD,,2025-02-12 21:24:26.437554+05:30 IST Asia/Kolkata
323805954,14,USD,-3.94479015,-0.601748,606.89075113,commission,BTCUSD,,2025-02-12 20:51:28.114867+05:30 IST Asia/Kolkata
323805950,14,USD,2.415,,610.83554128,cashflow,BTCUSD,,2025-02-12 20:51:28.114828+05:30 IST Asia/Kolkata
323805946,14,USD,0.00821162,,608.42054128,funding,BTCUSD,,2025-02-12 20:51:28.113021+05:30 IST Asia/Kolkata
323711781,14,USD,0.00563006,,608.41232966,funding,BTCUSD,,2025-02-12 20:31:33.040253+05:30 IST Asia/Kolkata
323656140,14,USD,-1.578486,-0.240786,608.4066996,commission,BTCUSD,,2025-02-12 20:14:50.035648+05:30 IST Asia/Kolkata
323610673,14,USD,-2.799078,-0.426978,609.9851856,commission,BTCUSD,,2025-02-12 20:03:13.121205+05:30 IST Asia/Kolkata
323610672,14,USD,10.8,,612.7842636,cashflow,BTCUSD,,2025-02-12 20:03:13.121169+05:30 IST Asia/Kolkata
323610671,14,USD,0.00744666,,601.9842636,funding,BTCUSD,,2025-02-12 20:03:13.119104+05:30 IST Asia/Kolkata
323534112,14,USD,-1.12218,-0.17118,601.97681694,commission,BTCUSD,,2025-02-12 19:35:52.146092+05:30 IST Asia/Kolkata
321450220,14,USD,-1.1202212,-0.170881,603.09899694,commission,BTCUSD,,2025-02-12 01:04:04.952552+05:30 IST Asia/Kolkata
321450219,14,USD,65.58,,604.21921814,cashflow,BTCUSD,,2025-02-12 01:04:04.952501+05:30 IST Asia/Kolkata
321450218,14,USD,0.00457012,,538.63921814,funding,BTCUSD,,2025-02-12 01:04:04.947034+05:30 IST Asia/Kolkata
321357809,14,USD,0.00535182,,538.63464802,funding,BTCUSD,,2025-02-12 00:31:33.044463+05:30 IST Asia/Kolkata
321318005,14,USD,-0.451055,-0.068805,538.6292962,commission,BTCUSD,,2025-02-12 00:17:02.353915+05:30 IST Asia/Kolkata
321190361,14,USD,0.00410944,,539.0803512,funding,BTCUSD,,2025-02-11 23:31:33.040795+05:30 IST Asia/Kolkata
321083072,14,USD,0.00546302,,539.07624176,funding,BTCUSD,,2025-02-11 22:41:33.033742+05:30 IST Asia/Kolkata
320846828,14,USD,0.00650697,,539.07077874,funding,BTCUSD,,2025-02-11 21:31:33.054400+05:30 IST Asia/Kolkata
320752131,14,USD,-1.7116077,-0.261093,539.06427177,commission,BTCUSD,,2025-02-11 20:41:03.067725+05:30 IST Asia/Kolkata
318139742,14,USD,-2.97359764,-0.4536,540.77587947,commission,BTCUSD,,2025-02-10 22:04:49.548792+05:30 IST Asia/Kolkata
318139741,14,USD,-11.908,,543.74947711,cashflow,BTCUSD,,2025-02-10 22:04:49.548737+05:30 IST Asia/Kolkata
318139740,14,USD,-0.74340325,-0.1134,555.65747711,commission,BTCUSD,,2025-02-10 22:04:49.535473+05:30 IST Asia/Kolkata
318139739,14,USD,-2.9705,,556.40088036,cashflow,BTCUSD,,2025-02-10 22:04:49.535412+05:30 IST Asia/Kolkata
318139738,14,USD,-0.03590887,,559.37138036,funding,BTCUSD,,2025-02-10 22:04:49.533251+05:30 IST Asia/Kolkata
318042780,14,USD,-0.03295679,,559.40728923,funding,BTCUSD,,2025-02-10 21:31:33.033205+05:30 IST Asia/Kolkata
317950844,14,USD,-1.49031168,-0.227336,559.44024602,commission,BTCUSD,,2025-02-10 20:56:11.389696+05:30 IST Asia/Kolkata
317724453,14,USD,-4.6088912,-0.703051,560.9305577,commission,BTCUSD,,2025-02-10 19:45:34.940744+05:30 IST Asia/Kolkata
317724451,14,USD,-16.32,,565.5394489,cashflow,BTCUSD,,2025-02-10 19:45:34.940695+05:30 IST Asia/Kolkata
317724449,14,USD,-0.01981256,,581.8594489,funding,BTCUSD,,2025-02-10 19:45:34.938936+05:30 IST Asia/Kolkata
317652615,14,USD,-0.01366869,,581.87926146,funding,BTCUSD,,2025-02-10 19:31:33.051709+05:30 IST Asia/Kolkata
317587443,14,USD,-1.847408,-0.281808,581.89293015,commission,BTCUSD,,2025-02-10 19:18:09.719229+05:30 IST Asia/Kolkata
316060993,14,USD,-1.8258848,-0.278525,583.74033815,commission,BTCUSD,,2025-02-10 05:34:02.962704+05:30 IST Asia/Kolkata
316060990,14,USD,-40.64,,585.56622295,cashflow,BTCUSD,,2025-02-10 05:34:02.962641+05:30 IST Asia/Kolkata
316060987,14,USD,0.00265446,,626.20622295,funding,BTCUSD,,2025-02-10 05:34:02.954830+05:30 IST Asia/Kolkata
316038102,14,USD,0.04334332,,626.20356849,funding,BTCUSD,,2025-02-10 05:31:33.037259+05:30 IST Asia/Kolkata
315976962,14,USD,0.04310237,,626.16022517,funding,BTCUSD,,2025-02-10 04:31:33.022572+05:30 IST Asia/Kolkata
315890331,14,USD,0.04314986,,626.1171228,funding,BTCUSD,,2025-02-10 03:31:33.029302+05:30 IST Asia/Kolkata
315759115,14,USD,0.004339,,626.07397294,funding,BTCUSD,,2025-02-10 02:31:33.022968+05:30 IST Asia/Kolkata
315742471,14,USD,-4.5407344,-0.692654,626.06963394,commission,BTCUSD,,2025-02-10 02:23:45.938195+05:30 IST Asia/Kolkata
315546742,14,USD,-3.86026616,-0.588854,630.61036834,commission,BTCUSD,,2025-02-10 00:13:25.351846+05:30 IST Asia/Kolkata
315546738,14,USD,-0.594,,634.4706345,cashflow,BTCUSD,,2025-02-10 00:13:25.351798+05:30 IST Asia/Kolkata
315546736,14,USD,-0.96506153,-0.147213,635.0646345,commission,BTCUSD,,2025-02-10 00:13:25.341332+05:30 IST Asia/Kolkata
315546734,14,USD,-0.14,,636.02969603,cashflow,BTCUSD,,2025-02-10 00:13:25.341273+05:30 IST Asia/Kolkata
315546732,14,USD,0.0337422,,636.16969603,funding,BTCUSD,,2025-02-10 00:13:25.339247+05:30 IST Asia/Kolkata
315473965,14,USD,0.04222657,,636.13595383,funding,BTCUSD,,2025-02-09 23:31:33.024329+05:30 IST Asia/Kolkata
315382175,14,USD,-0.56819065,-0.086673,636.09372726,commission,BTCUSD,,2025-02-09 22:46:09.601215+05:30 IST Asia/Kolkata
315327193,14,USD,0.03309584,,636.66191791,funding,BTCUSD,,2025-02-09 22:31:33.045604+05:30 IST Asia/Kolkata
315208471,14,USD,0.05568273,,636.62882207,funding,BTCUSD,,2025-02-09 21:31:33.023342+05:30 IST Asia/Kolkata
315118026,14,USD,-0.6820872,-0.104047,636.57313934,commission,BTCUSD,,2025-02-09 20:41:39.962956+05:30 IST Asia/Kolkata
315064562,14,USD,0.01797487,,637.25522654,funding,BTCUSD,,2025-02-09 20:31:33.050822+05:30 IST Asia/Kolkata
315014391,14,USD,-0.67968,-0.10368,637.23725167,commission,BTCUSD,,2025-02-09 19:54:08.902107+05:30 IST Asia/Kolkata
312938512,14,USD,-3.2994924,-0.503312,637.91693167,commission,BTCUSD,,2025-02-09 00:00:48.899456+05:30 IST Asia/Kolkata
312938511,14,USD,-35.9,,641.21642407,cashflow,BTCUSD,,2025-02-09 00:00:48.899407+05:30 IST Asia/Kolkata
312938510,14,USD,-0.00237222,,677.11642407,funding,BTCUSD,,2025-02-09 00:00:48.891598+05:30 IST Asia/Kolkata
312908209,14,USD,-1.419835,-0.216585,677.11879629,commission,BTCUSD,,2025-02-08 23:36:43.724940+05:30 IST Asia/Kolkata
312866530,14,USD,-0.00288086,,678.53863129,funding,BTCUSD,,2025-02-08 23:31:33.048339+05:30 IST Asia/Kolkata
312822027,14,USD,-0.18159728,-0.027701,678.54151215,commission,BTCUSD,,2025-02-08 23:08:08.675207+05:30 IST Asia/Kolkata
312822026,14,USD,-0.95338572,-0.145432,678.72310943,commission,BTCUSD,,2025-02-08 23:08:08.668616+05:30 IST Asia/Kolkata
312730009,14,USD,-0.00196965,,679.67649515,funding,BTCUSD,,2025-02-08 22:31:33.047016+05:30 IST Asia/Kolkata
312586851,14,USD,0.01704317,,679.6784648,funding,BTCUSD,,2025-02-08 21:31:33.047686+05:30 IST Asia/Kolkata
312437271,14,USD,0.01706939,,679.66142163,funding,BTCUSD,,2025-02-08 20:31:33.057766+05:30 IST Asia/Kolkata
312300068,14,USD,0.01709944,,679.64435224,funding,BTCUSD,,2025-02-08 19:31:33.048960+05:30 IST Asia/Kolkata
312157375,14,USD,0.01706461,,679.6272528,funding,BTCUSD,,2025-02-08 18:31:33.050813+05:30 IST Asia/Kolkata
312045796,14,USD,0.01705494,,679.61018819,funding,BTCUSD,,2025-02-08 17:31:33.031871+05:30 IST Asia/Kolkata
311917129,14,USD,0.01708599,,679.59313325,funding,BTCUSD,,2025-02-08 16:31:33.049052+05:30 IST Asia/Kolkata
311803411,14,USD,0.01532473,,679.57604726,funding,BTCUSD,,2025-02-08 15:31:33.053855+05:30 IST Asia/Kolkata
311749270,14,USD,-0.453356,-0.069156,679.56072253,commission,BTCUSD,,2025-02-08 14:48:45.634102+05:30 IST Asia/Kolkata
311701712,14,USD,0.01205035,,680.01407853,funding,BTCUSD,,2025-02-08 14:31:33.052003+05:30 IST Asia/Kolkata
311585118,14,USD,-0.00123871,,680.00202818,funding,BTCUSD,,2025-02-08 13:31:33.054055+05:30 IST Asia/Kolkata
311558587,14,USD,-1.134747,-0.173097,680.00326689,commission,BTCUSD,,2025-02-08 13:20:02.998953+05:30 IST Asia/Kolkata
310845837,14,USD,-5.6938835,-0.868559,681.13801389,commission,BTCUSD,,2025-02-08 05:49:26.571689+05:30 IST Asia/Kolkata
310845836,14,USD,80.65,,686.83189739,cashflow,BTCUSD,,2025-02-08 05:49:26.571653+05:30 IST Asia/Kolkata
310845834,14,USD,0.00474862,,606.18189739,funding,BTCUSD,,2025-02-08 05:49:26.570186+05:30 IST Asia/Kolkata
310808913,14,USD,-0.02895806,,606.17714877,funding,BTCUSD,,2025-02-08 05:31:33.031021+05:30 IST Asia/Kolkata
310748146,14,USD,-0.01759816,,606.20610683,funding,BTCUSD,,2025-02-08 04:31:33.035274+05:30 IST Asia/Kolkata
310724919,14,USD,-2.25852,-0.34452,606.22370499,commission,BTCUSD,,2025-02-08 03:54:30.160785+05:30 IST Asia/Kolkata
309666713,14,USD,-43.55,,608.48222499,cashflow,BTCUSD,,2025-02-07 20:46:55.788151+05:30 IST Asia/Kolkata
309666712,14,USD,-0.00440137,,652.03222499,funding,BTCUSD,,2025-02-07 20:46:55.785849+05:30 IST Asia/Kolkata
309627035,14,USD,-1.516359,-0.231309,652.03662636,commission,BTCUSD,,2025-02-07 20:40:48.934664+05:30 IST Asia/Kolkata
308894302,14,USD,-4.6128088,-0.703649,653.55298536,commission,BTCUSD,,2025-02-07 17:30:05.494821+05:30 IST Asia/Kolkata
308894301,14,USD,71.68,,658.16579416,cashflow,BTCUSD,,2025-02-07 17:30:05.494787+05:30 IST Asia/Kolkata
308894300,14,USD,-0.0536392,,586.48579416,funding,BTCUSD,,2025-02-07 17:30:05.493053+05:30 IST Asia/Kolkata
308772081,14,USD,-0.05351158,,586.53943336,funding,BTCUSD,,2025-02-07 16:31:33.035629+05:30 IST Asia/Kolkata
308662608,14,USD,-0.05345504,,586.59294494,funding,BTCUSD,,2025-02-07 15:31:33.048782+05:30 IST Asia/Kolkata
308555094,14,USD,-0.03642349,,586.64639998,funding,BTCUSD,,2025-02-07 14:31:33.043575+05:30 IST Asia/Kolkata
308497100,14,USD,-4.5705176,-0.697198,586.68282347,commission,BTCUSD,,2025-02-07 13:48:57.565811+05:30 IST Asia/Kolkata
306393025,14,USD,-19.502,,591.25334107,cashflow,BTCUSD,,2025-02-06 20:01:07.852032+05:30 IST Asia/Kolkata
306393022,14,USD,-0.397,,610.75534107,cashflow,BTCUSD,,2025-02-06 20:01:07.820749+05:30 IST Asia/Kolkata
306393019,14,USD,0.00070117,,611.15234107,funding,BTCUSD,,2025-02-06 20:01:07.818096+05:30 IST Asia/Kolkata
306386193,14,USD,-2.317166,-0.353466,611.1516399,commission,BTCUSD,,2025-02-06 19:59:03.672867+05:30 IST Asia/Kolkata
301353604,14,USD,-2.96594475,-0.452432,613.4688059,commission,BTCUSD,,2025-02-05 00:50:54.232889+05:30 IST Asia/Kolkata
301353602,14,USD,68.525,,616.43475065,cashflow,BTCUSD,,2025-02-05 00:50:54.232848+05:30 IST Asia/Kolkata
301353601,14,USD,-0.00760922,,547.90975065,funding,BTCUSD,,2025-02-05 00:50:54.231148+05:30 IST Asia/Kolkata
301279687,14,USD,-0.02160585,,547.91735987,funding,BTCUSD,,2025-02-05 00:31:33.042241+05:30 IST Asia/Kolkata
301153096,14,USD,-0.00503918,,547.93896572,funding,BTCUSD,,2025-02-04 23:31:33.049388+05:30 IST Asia/Kolkata
301119578,14,USD,-0.9361648,-0.142805,547.9440049,commission,BTCUSD,,2025-02-04 23:15:44.796064+05:30 IST Asia/Kolkata
301119576,14,USD,-0.2340412,-0.035701,548.8801697,commission,BTCUSD,,2025-02-04 23:15:44.648255+05:30 IST Asia/Kolkata
297108332,14,USD,-58.0325,,549.1142109,cashflow,BTCUSD,,2025-02-03 20:52:18.494620+05:30 IST Asia/Kolkata
297108328,14,USD,0.01815736,,607.1467109,funding,BTCUSD,,2025-02-03 20:52:18.492358+05:30 IST Asia/Kolkata
297058691,14,USD,-2.2827336,-0.348214,607.12855354,commission,BTCUSD,,2025-02-03 20:40:12.950427+05:30 IST Asia/Kolkata
297058690,14,USD,-1.99740223,-0.304688,609.41128714,commission,BTCUSD,,2025-02-03 20:40:12.941778+05:30 IST Asia/Kolkata
289304166,14,USD,-26.5,,611.40868937,cashflow,BTCUSD,,2025-02-01 15:04:35.930554+05:30 IST Asia/Kolkata
289304165,14,USD,-0.00838738,,637.90868937,funding,BTCUSD,,2025-02-01 15:04:35.924972+05:30 IST Asia/Kolkata
289297914,14,USD,-2.403188,-0.366588,637.91707675,commission,BTCUSD,,2025-02-01 15:01:57.113254+05:30 IST Asia/Kolkata
289295380,14,USD,-2.403306,-0.366606,640.32026475,commission,BTCUSD,,2025-02-01 15:00:32.858785+05:30 IST Asia/Kolkata
287073229,14,USD,-22.1425,,642.72357075,cashflow,BTCUSD,,2025-01-31 20:04:32.403252+05:30 IST Asia/Kolkata
287073228,14,USD,-0.00728712,,664.86607075,funding,BTCUSD,,2025-01-31 20:04:32.397814+05:30 IST Asia/Kolkata
287053794,14,USD,-5.24872408,-0.800653,664.87335787,commission,BTCUSD,,2025-01-31 20:00:31.224379+05:30 IST Asia/Kolkata
286610883,14,USD,-0.0741892,-0.011317,670.12208195,commission,BTCUSD,,2025-01-31 16:59:20.256972+05:30 IST Asia/Kolkata
286610882,14,USD,2.0415,,670.19627115,cashflow,BTCUSD,,2025-01-31 16:59:20.256929+05:30 IST Asia/Kolkata
286610881,14,USD,-1.13756768,-0.173527,668.15477115,commission,BTCUSD,,2025-01-31 16:59:20.238506+05:30 IST Asia/Kolkata
286610880,14,USD,31.303,,669.29233883,cashflow,BTCUSD,,2025-01-31 16:59:20.238434+05:30 IST Asia/Kolkata
286610879,14,USD,-1.13756768,-0.173527,637.98933883,commission,BTCUSD,,2025-01-31 16:59:20.001647+05:30 IST Asia/Kolkata
286610878,14,USD,31.303,,639.12690651,cashflow,BTCUSD,,2025-01-31 16:59:20.001592+05:30 IST Asia/Kolkata
286610877,14,USD,-0.06077056,,607.82390651,funding,BTCUSD,,2025-01-31 16:59:19.992932+05:30 IST Asia/Kolkata
286507899,14,USD,-0.0605789,,607.88467707,funding,BTCUSD,,2025-01-31 16:31:33.028723+05:30 IST Asia/Kolkata
286459899,14,USD,-2.06380726,-0.314818,607.94525597,commission,BTCUSD,,2025-01-31 15:59:08.006271+05:30 IST Asia/Kolkata
286459889,14,USD,-0.24569134,-0.037478,610.00906323,commission,BTCUSD,,2025-01-31 15:59:07.154074+05:30 IST Asia/Kolkata
286459863,14,USD,-0.02456914,-0.003748,610.25475457,commission,BTCUSD,,2025-01-31 15:59:05.499575+05:30 IST Asia/Kolkata
284105559,14,USD,-2.228076,-0.339876,610.27932371,commission,BTCUSD,,2025-01-30 19:09:20.025237+05:30 IST Asia/Kolkata
284105558,14,USD,-33.39,,612.50739971,cashflow,BTCUSD,,2025-01-30 19:09:20.025179+05:30 IST Asia/Kolkata
284105557,14,USD,-0.02968381,,645.89739971,funding,BTCUSD,,2025-01-30 19:09:20.017438+05:30 IST Asia/Kolkata
284063729,14,USD,-0.49687912,-0.075795,645.92708352,commission,BTCUSD,,2025-01-30 18:47:06.611106+05:30 IST Asia/Kolkata
284063657,14,USD,-1.73907692,-0.265283,646.42396264,commission,BTCUSD,,2025-01-30 18:47:06.028643+05:30 IST Asia/Kolkata
280596871,14,USD,-2.0626695,-0.314645,648.16303956,commission,BTCUSD,,2025-01-29 13:36:26.178973+05:30 IST Asia/Kolkata
280596870,14,USD,-34,,650.22570906,cashflow,BTCUSD,,2025-01-29 13:36:26.178883+05:30 IST Asia/Kolkata
280596869,14,USD,0.0105231,,684.22570906,funding,BTCUSD,,2025-01-29 13:36:26.170022+05:30 IST Asia/Kolkata
280553602,14,USD,0.10900045,,684.21518596,funding,BTCUSD,,2025-01-29 13:31:33.042911+05:30 IST Asia/Kolkata
280452299,14,USD,0.06542885,,684.10618551,funding,BTCUSD,,2025-01-29 12:31:33.055613+05:30 IST Asia/Kolkata
280389019,14,USD,-0.0725169,-0.011062,684.04075666,commission,BTCUSD,,2025-01-29 11:53:09.244604+05:30 IST Asia/Kolkata
280389018,14,USD,-1.1602704,-0.17699,684.11327356,commission,BTCUSD,,2025-01-29 11:53:09.239396+05:30 IST Asia/Kolkata
280389017,14,USD,-0.8218582,-0.125368,685.27354396,commission,BTCUSD,,2025-01-29 11:53:09.233506+05:30 IST Asia/Kolkata
277657946,14,USD,-2.07063332,-0.315859,686.09540216,commission,BTCUSD,,2025-01-28 12:55:03.646037+05:30 IST Asia/Kolkata
277657945,14,USD,-23.12,,688.16603548,cashflow,BTCUSD,,2025-01-28 12:55:03.645996+05:30 IST Asia/Kolkata
277590813,14,USD,0.10929195,,711.28603548,funding,BTCUSD,,2025-01-28 12:31:33.040099+05:30 IST Asia/Kolkata
277476028,14,USD,0.10587494,,711.17674353,funding,BTCUSD,,2025-01-28 11:31:33.036577+05:30 IST Asia/Kolkata
277361407,14,USD,-2.065177,-0.315027,711.07086859,commission,BTCUSD,,2025-01-28 10:31:14.182224+05:30 IST Asia/Kolkata
276417310,14,USD,-10.22686088,-1.56003,713.13604559,commission,BTCUSD,,2025-01-28 00:12:19.732295+05:30 IST Asia/Kolkata
276417307,14,USD,-47.3125,,723.36290647,cashflow,BTCUSD,,2025-01-28 00:12:19.732247+05:30 IST Asia/Kolkata
276417304,14,USD,-0.00183644,,770.67540647,funding,BTCUSD,,2025-01-28 00:12:19.730600+05:30 IST Asia/Kolkata
276399535,14,USD,-1.17115,-0.17865,770.67724291,commission,BTCUSD,,2025-01-27 23:59:09.936410+05:30 IST Asia/Kolkata
276399534,14,USD,-1.17115,-0.17865,771.84839291,commission,BTCUSD,,2025-01-27 23:59:09.929764+05:30 IST Asia/Kolkata
276367468,14,USD,-4.39902525,-0.671038,773.01954291,commission,BTCUSD,,2025-01-27 23:38:01.477517+05:30 IST Asia/Kolkata
274714768,14,USD,-4.97723705,-0.75924,777.41856816,commission,BTCUSD,,2025-01-27 15:09:07.141019+05:30 IST Asia/Kolkata
274714767,14,USD,0.255,,782.39580521,cashflow,BTCUSD,,2025-01-27 15:09:07.140977+05:30 IST Asia/Kolkata
274714766,14,USD,0.01411316,,782.14080521,funding,BTCUSD,,2025-01-27 15:09:07.139370+05:30 IST Asia/Kolkata
274677425,14,USD,-1.990955,-0.303705,782.12669205,commission,BTCUSD,,2025-01-27 14:44:26.396212+05:30 IST Asia/Kolkata
274014205,14,USD,776.47058823,,784.11764705,deposit,,,2025-01-27 11:03:51.052929+05:30 IST Asia/Kolkata
274014134,14,USD,7.64705882,,7.64705882,deposit,,,2025-01-27 11:03:44.808650+05:30 IST Asia/Kolkata