Time,Contract,Fill Type,Filled Qty,Exec.Price,Value,Fill ID,Side,Fee rate,Rebate,Fees paid,Order Type,Order Price,Order Qty,Unfilled Qty,Order ID,Client Order ID
2025-10-06 05:45:01.843973+05:30 IST Asia/Kolkata,BTCUSD,normal,40,123552.5,4942.1,1886dc2c63bb45238e8fc37a00727936,buy,0.0005,0,2.915839,market_order,129640,40,0,975698507,
2025-10-06 03:53:31.151640+05:30 IST Asia/Kolkata,BTCUSD,normal,40,123135,4925.4,1b98c037253d4076beba28a0c4bcf249,sell,0.0002,0,1.1623944,limit_order,123135,40,0,975607000,
2025-10-03 19:28:57.551317+05:30 IST Asia/Kolkata,ETHUSD,normal,100,4465.75,4465.75,f01df1cd41ae4299a682458111802d29,sell,0.0005,0,2.6347925,market_order,4244.05,100,0,969849505,
2025-10-03 19:10:31.992664+05:30 IST Asia/Kolkata,ETHUSD,normal,100,4485,4485,126e3934e1dc4547bde059edf830be74,buy,0.0002,0,1.05846,limit_order,4485,100,0,969814396,
2025-10-02 20:13:21.369221+05:30 IST Asia/Kolkata,ETHUSD,normal,150,4389.6,6584.4,d343c5aff3af4a4db995d66dbb981538,sell,0.0005,0,3.884796,market_order,4173.9,150,0,967338050,
2025-10-02 19:55:23.821422+05:30 IST Asia/Kolkata,ETHUSD,normal,50,4410.8,2205.4,136b536b0f344bcfa240a786b2dd9946,buy,0.0002,0,0.5204744,limit_order,4410.8,50,0,967395967,
2025-10-02 19:26:40.335624+05:30 IST Asia/Kolkata,ETHUSD,normal,100,4409.95,4409.95,f045c8fff7f648a5941658de3d058b79,buy,0.0005,0,2.6018705,limit_order,4411,100,0,967337623,
2025-10-02 01:11:19.636776+05:30 IST Asia/Kolkata,BTCUSD,normal,80,117545,9403.6,20a62e1c94c3403d82e9e36c7d305cae,buy,0.0005,0,0,market_order,123412,80,0,965715489,
2025-10-02 00:58:10.557883+05:30 IST Asia/Kolkata,BTCUSD,normal,80,1.174E+5,9392,bb036ba8feaf496b9848fecf11b8d545,sell,0.0002,0,2.216512,limit_order,117400,80,0,965700246,
2025-09-25 18:31:54.032549+05:30 IST Asia/Kolkata,BTCUSD,normal,80,110979,8878.32,6f2f36a3c40b416194ca123f573cfd0c,sell,0.0005,0,0,market_order,105453.5,80,0,952345933,
2025-09-25 18:20:29.731525+05:30 IST Asia/Kolkata,BTCUSD,normal,80,1.1121E+5,8896.8,926438632e7a46669ddcaa54bca40c41,buy,0.0002,0,2.0996448,limit_order,111210,80,0,952345589,
2025-09-23 20:05:26.766584+05:30 IST Asia/Kolkata,BTCUSD,normal,70,112590.5,7881.335,2963e0403b834f139a08053aed27b7e3,sell,0.0005,0,4.64998765,market_order,106988,70,0,948275793,
2025-09-23 19:44:12.789606+05:30 IST Asia/Kolkata,BTCUSD,normal,61,1.1299E+5,6892.39,e7c093c3a4494bffaee8ea35337f46db,buy,0.0002,0,1.62660404,limit_order,112990,70,0,947988832,
2025-09-23 19:44:01.364862+05:30 IST Asia/Kolkata,BTCUSD,normal,5,1.1299E+5,564.95,277dffe5fce648d0b9f057efeeb15f8f,buy,0.0002,0,0.1333282,limit_order,112990,70,61,947988832,
2025-09-23 19:44:00.613824+05:30 IST Asia/Kolkata,BTCUSD,normal,1,1.1299E+5,112.99,05b054f9b24d43b397eb5848a48efe83,buy,0.0002,0,0.02666564,limit_order,112990,70,66,947988832,
2025-09-23 19:44:00.382362+05:30 IST Asia/Kolkata,BTCUSD,normal,3,1.1299E+5,338.97,5a318a7b8e63417a978d8439ffabd3e3,buy,0.0002,0,0.07999692,limit_order,112990,70,67,947988832,
2025-09-22 19:28:06.090988+05:30 IST Asia/Kolkata,BTCUSD,normal,40,112961.5,4518.46,1aec3ffc2c1945b0930d49d724ded9c9,buy,0.0005,0,2.6658914,market_order,118596,40,0,946380068,
2025-09-22 18:46:28.998705+05:30 IST Asia/Kolkata,BTCUSD,normal,24,1.1287E+5,2708.88,4cb70ccebce2476d99e299424d7e4936,sell,0.0002,0,0.63929568,limit_order,112870,40,0,946306840,
2025-09-22 18:46:20.477783+05:30 IST Asia/Kolkata,BTCUSD,normal,15,1.1287E+5,1693.05,3e5d7231896743aa8b4470f6f3a2a6e8,sell,0.0002,0,0.3995598,limit_order,112870,40,24,946306840,
2025-09-22 18:46:18.753244+05:30 IST Asia/Kolkata,BTCUSD,normal,1,1.1287E+5,112.87,9a16cd649cc34cbe9282cef99446cf6a,sell,0.0002,0,0.02663732,limit_order,112870,40,39,946306840,
2025-09-22 03:51:24.867621+05:30 IST Asia/Kolkata,BTCUSD,normal,70,1.1515E+5,8060.5,55e6451929bc4d9b81b0da289d3e5c5d,sell,0.0005,0,4.755695,market_order,109423.5,70,0,943676052,
2025-09-22 00:35:12.822082+05:30 IST Asia/Kolkata,BTCUSD,normal,70,1.1545E+5,8081.5,f73145af8cc7488f80eadf337f8e86b0,buy,0.0002,0,1.907234,limit_order,115450,70,0,943656621,
2025-09-15 14:17:21.916729+05:30 IST Asia/Kolkata,BTCUSD,normal,55,115193.5,6335.6425,b886314e413a4a0f8458e0448526118a,sell,0.0005,0,3.73802908,market_order,109483,55,0,930733034,
2025-09-15 13:32:18.284559+05:30 IST Asia/Kolkata,BTCUSD,normal,55,1.1559E+5,6357.45,db3cd1fdbd994b259d0b5b9a85baf045,buy,0.0002,0,1.5003582,limit_order,115590,55,0,930693504,
2025-09-12 19:26:05.242372+05:30 IST Asia/Kolkata,BTCUSD,normal,80,115193,9215.44,3607be7a97f748eaa12d76d4851591eb,buy,0.0005,0,5.4371096,market_order,120873.5,80,0,924163295,
2025-09-12 19:02:36.445947+05:30 IST Asia/Kolkata,BTCUSD,normal,80,1.1494E+5,9195.2,2f17bfa71da94eb8b3bbd8a2689c9196,sell,0.0002,0,2.1700672,limit_order,114940,80,0,924162891,
2025-09-11 19:46:48.876311+05:30 IST Asia/Kolkata,BTCUSD,normal,50,113955.5,5697.775,20ac70ca0c944597968d7f315b424be4,sell,0.0005,0,0,market_order,108279,50,0,922023469,
2025-09-11 19:31:51.001747+05:30 IST Asia/Kolkata,BTCUSD,normal,50,1.144E+5,5.72E+3,55f69f105ffa4c1a838e8f4cbd7f5ea5,buy,0.0002,0,1.34992,limit_order,114400,50,0,921982399,
2025-09-10 19:46:58.240617+05:30 IST Asia/Kolkata,BTCUSD,normal,40,114010.5,4560.42,6ea51db116a94eb7913495e3cf21df24,sell,0.0005,0,2.6906478,limit_order,113996.5,40,0,919691741,
2025-09-10 19:23:30.462850+05:30 IST Asia/Kolkata,BTCUSD,normal,40,1.1385E+5,4554,44c3e79f1874476793749f5bcf50daac,buy,0.0002,0,1.074744,limit_order,113850,40,0,919603428,
2025-09-02 02:57:49.248012+05:30 IST Asia/Kolkata,BTCUSD,normal,50,108095,5404.75,09d64bfc1a9446df87011ea1fbcd33e5,sell,0.0002,0,1.275521,limit_order,108095,50,0,900041976,
2025-09-01 17:12:58.077595+05:30 IST Asia/Kolkata,BTCUSD,normal,50,108560.5,5428.025,0494be36de70477e8ad1bd7ee7782d56,buy,0.0002,0,1.2810139,limit_order,108560.5,50,0,900040620,
2025-06-26 18:01:30.506100+05:30 IST Asia/Kolkata,BTCUSD,normal,125,107048.5,13381.0625,70fa951e9e4649fa859791ed514caf97,sell,0.0005,0,7.89482688,market_order,101700,125,0,636864101,
2025-06-26 17:30:33.989702+05:30 IST Asia/Kolkata,BTCUSD,normal,25,107260.5,2681.5125,35a38d6c1def4245a18a0fc5c3022e9d,buy,0.0002,0,0.63283695,limit_order,107260.5,25,0,637121077,
2025-06-26 15:51:44.093967+05:30 IST Asia/Kolkata,BTCUSD,normal,85,107286.5,9119.3525,8b8f14811a4b4352a24432ae726fe1f0,buy,0.0002,0,2.15216719,limit_order,107286.5,100,0,636862300,
2025-06-26 15:51:42.570528+05:30 IST Asia/Kolkata,BTCUSD,normal,15,107286.5,1609.2975,8b063a197d40461e8c6ee4f3be3ce944,buy,0.0002,0,0.37979421,limit_order,107286.5,100,85,636862300,
2025-06-13 20:40:15.526374+05:30 IST Asia/Kolkata,BTCUSD,normal,75,105273,7895.475,a62c7c1cd00b45c79b190cf4d20792bc,buy,0.0002,0,1.8633321,limit_order,105273,75,0,589838919,
2025-06-13 19:27:17.949852+05:30 IST Asia/Kolkata,BTCUSD,normal,25,1.0478E+5,2619.5,f1d415ed3c474c07a3342e73c043ff45,sell,0.0002,0,0.618202,limit_order,104780,25,0,590107587,
2025-06-13 18:19:38.982060+05:30 IST Asia/Kolkata,BTCUSD,normal,50,104925,5246.25,039055f57b0140a988496cc022aea683,sell,0.0002,0,1.238115,limit_order,104925,50,0,589838553,
2025-05-09 19:53:29.033448+05:30 IST Asia/Kolkata,BTCUSD,normal,80,1.0305E+5,8244,c59214417ecd4fcbaff2a8fb1ceb7d60,sell,0.0002,0,1.945584,limit_order,103050,80,0,460876689,
2025-05-09 19:31:07.532952+05:30 IST Asia/Kolkata,BTCUSD,normal,80,1.0345E+5,8276,1ca12e7abcec4a72aaa7c384d81872a6,buy,0.0002,0,1.953136,limit_order,103450,80,0,460831171,
2025-05-03 22:38:06.990485+05:30 IST Asia/Kolkata,BTCUSD,normal,70,95985.5,6718.985,5015736526284d1e86f5379dce0388ce,sell,0.0005,0,3.96420115,limit_order,95985,70,0,438045332,
2025-05-03 20:45:53.455371+05:30 IST Asia/Kolkata,BTCUSD,normal,10,96383.5,963.835,9e7d201709d843a185bb92c724e3a4dc,buy,0.0002,0,0.22746506,limit_order,96383.5,10,0,438043082,
2025-05-03 20:45:13.290038+05:30 IST Asia/Kolkata,BTCUSD,normal,60,96407.5,5784.45,6e6b8f99b60f40c18803475fcb10002b,buy,0.0002,0,1.3651302,limit_order,96407.5,60,0,438041466,
2025-04-29 01:14:39.472959+05:30 IST Asia/Kolkata,BTCUSD,normal,140,94865.5,13281.17,0961b1f3e7b74da2bb5a6cbcab9388a9,buy,0.0005,0,7.8358903,market_order,99582,140,0,423794407,
2025-04-29 00:50:38.880531+05:30 IST Asia/Kolkata,BTCUSD,normal,25,9.465E+4,2366.25,035abe326e83426e90bfc076a8e21cac,sell,0.0002,0,0.558435,limit_order,94650,140,0,423727048,
2025-04-29 00:50:38.543075+05:30 IST Asia/Kolkata,BTCUSD,normal,2,9.465E+4,189.3,5382fbd5e90b44ccb9a42c4863c79002,sell,0.0002,0,0.0446748,limit_order,94650,140,25,423727048,
2025-04-29 00:50:38.231093+05:30 IST Asia/Kolkata,BTCUSD,normal,90,9.465E+4,8518.5,b94a673eafef4409b00fc68622bcace0,sell,0.0002,0,2.010366,limit_order,94650,140,27,423727048,
2025-04-29 00:50:37.997779+05:30 IST Asia/Kolkata,BTCUSD,normal,17,9.465E+4,1609.05,358628dd5a2c4955a13e74427282dc5a,sell,0.0002,0,0.3797358,limit_order,94650,140,117,423727048,
2025-04-29 00:50:37.671239+05:30 IST Asia/Kolkata,BTCUSD,normal,1,9.465E+4,94.65,d2da139d5ffb490d8584c19966f992f1,sell,0.0002,0,0.0223374,limit_order,94650,140,134,423727048,
2025-04-29 00:50:36.742657+05:30 IST Asia/Kolkata,BTCUSD,normal,5,9.465E+4,473.25,88d001abed7047df9679f498a472681f,sell,0.0002,0,0.111687,limit_order,94650,140,135,423727048,
2025-04-25 19:36:29.773370+05:30 IST Asia/Kolkata,BTCUSD,normal,85,94677,8047.545,2d2e049a7490441991b953d1eb9920a6,buy,0.0005,0,0,market_order,99370.5,85,0,417539519,
2025-04-25 19:26:21.341408+05:30 IST Asia/Kolkata,BTCUSD,normal,85,9.444E+4,8027.4,1edfe9820f6c422fabf6a8a9a208f2d4,sell,0.0002,0,1.8944664,limit_order,94440,85,0,417538935,
2025-04-25 12:06:50.719218+05:30 IST Asia/Kolkata,BTCUSD,normal,135,93529,12626.415,36017a6e96a448d1ac5047b51f7279e6,buy,0.0005,0,0,market_order,98177.5,135,0,416896991,
2025-04-25 12:01:23.103085+05:30 IST Asia/Kolkata,BTCUSD,normal,135,93407.5,12610.0125,e6a06e9d4ba549d385f172864e162458,sell,0.0005,0,7.43990738,limit_order,93395,135,0,416896984,
2025-04-23 19:07:59.245065+05:30 IST Asia/Kolkata,BTCUSD,normal,1,9.44E+4,94.4,9b3b9fa0b3c042de8eb6b0bc3f7d4d93,buy,0.0005,0,0,market_order,98657,60,0,413343436,
2025-04-23 19:07:59.245043+05:30 IST Asia/Kolkata,BTCUSD,normal,2,9.44E+4,188.8,65e5cd43d53c4f639dd1151bbac3476f,buy,0.0005,0,0,market_order,98657,60,1,413343436,
2025-04-23 19:07:59.245019+05:30 IST Asia/Kolkata,BTCUSD,normal,1,9.44E+4,94.4,283e17e535ab4239bf42fac7e6df8bcb,buy,0.0005,0,0,market_order,98657,60,3,413343436,
2025-04-23 19:07:59.244993+05:30 IST Asia/Kolkata,BTCUSD,normal,10,9.44E+4,944,cf706dd1fece4b09bbb11021ec992541,buy,0.0005,0,0,market_order,98657,60,4,413343436,
2025-04-23 19:07:59.244938+05:30 IST Asia/Kolkata,BTCUSD,normal,30,9.44E+4,2832,e48433fb2af14c4583f0e8a22771a069,buy,0.0005,0,0,market_order,98657,60,14,413343436,
2025-04-23 19:07:59.244877+05:30 IST Asia/Kolkata,BTCUSD,normal,1,9.44E+4,94.4,624d3449bd7546d492a20cb1a31b0383,buy,0.0005,0,0,market_order,98657,60,44,413343436,
2025-04-23 19:07:59.244831+05:30 IST Asia/Kolkata,BTCUSD,normal,15,9.44E+4,1416,6e1c40b8aa924854b9cd20c6e6c3490e,buy,0.0005,0,0,market_order,98657,60,45,413343436,
2025-04-23 18:59:53.467900+05:30 IST Asia/Kolkata,BTCUSD,normal,52,9.395E+4,4885.4,cce8591388724c1688eb69986d1ed421,sell,0.0002,0,1.1529544,limit_order,93950,60,0,413343138,
2025-04-23 18:59:52.434351+05:30 IST Asia/Kolkata,BTCUSD,normal,8,9.395E+4,751.6,1757a0e6bf694c75a8024efca0b820cc,sell,0.0002,0,0.1773776,limit_order,93950,60,52,413343138,
2025-04-21 16:39:28.059528+05:30 IST Asia/Kolkata,BTCUSD,normal,100,87187.5,8718.75,7cdbdfd24de440f0aac051cd28faf3dc,sell,0.0005,0,5.1440625,limit_order,87187,100,0,407494785,
2025-04-21 13:08:03.050500+05:30 IST Asia/Kolkata,BTCUSD,normal,100,87448,8744.8,16b942def47e4208977841feccd66710,buy,0.0002,0,2.0637728,limit_order,87448,100,0,407494122,
2025-04-21 12:55:48.121413+05:30 IST Asia/Kolkata,BTCUSD,normal,175,87331.5,15283.0125,2600dae9ef36499db1eb84b3fb7eb246,sell,0.0005,0,9.01697738,limit_order,87300,175,0,407439894,
2025-04-21 12:22:14.033450+05:30 IST Asia/Kolkata,BTCUSD,normal,175,87475,15308.125,3a3d4ccb0e5748938149c3384667b325,buy,0.0002,0,3.6127175,limit_order,87475,175,0,407439159,
2025-04-17 19:37:30.086224+05:30 IST Asia/Kolkata,BTCUSD,normal,85,84103,7148.755,a70792b3b22b4dbf87c3955a9b375283,sell,0.0005,0,4.21776545,market_order,79934.5,85,0,400597233,
2025-04-17 18:57:26.136116+05:30 IST Asia/Kolkata,BTCUSD,normal,85,84594,7190.49,3312a39a8ce342a8aee9090d28d4c150,buy,0.0005,0,4.2423891,limit_order,84600,85,0,400595459,
2025-04-14 18:09:16.599963+05:30 IST Asia/Kolkata,BTCUSD,normal,100,85115,8511.5,10f16d8afc52400383006f6b05f4b3e4,buy,0.0005,0,5.021785,market_order,89334.5,100,0,392350367,
2025-04-14 14:40:05.278428+05:30 IST Asia/Kolkata,BTCUSD,normal,100,84727.5,8472.75,3a48df6457af4fb382dd4771da11601f,sell,0.0005,0,4.9989225,limit_order,84725,100,0,392349667,
2025-04-13 19:14:44.691160+05:30 IST Asia/Kolkata,BTCUSD,normal,90,83724.5,7535.205,4dd925d58de34af8999ed1302b301c5e,sell,0.0005,0,0,limit_order,83700,90,0,389882313,
2025-04-13 19:05:14.518971+05:30 IST Asia/Kolkata,BTCUSD,normal,90,84085,7567.65,c88ee5b11c464e2e86a54d8147218638,buy,0.0002,0,1.7859654,limit_order,84085,90,0,389768437,
2025-04-11 19:49:34.208001+05:30 IST Asia/Kolkata,BTCUSD,normal,65,82222.5,5344.4625,551ef8ffa89f4f0084cfae5933bebd72,sell,0.0005,0,0,market_order,78151.5,65,0,385069311,
2025-04-11 19:40:24.721365+05:30 IST Asia/Kolkata,BTCUSD,normal,65,82672,5373.68,931b8e742d874b238ebb73888c329adc,buy,0.0002,0,1.26818848,limit_order,82672,65,0,385068941,
2025-04-10 18:50:34.983792+05:30 IST Asia/Kolkata,BTCUSD,normal,75,81843.5,6138.2625,b95f58f667fd4bd29846959b49d8f21b,buy,0.0005,0,3.62157488,limit_order,81850,75,0,381797432,
2025-04-10 18:23:03.467348+05:30 IST Asia/Kolkata,BTCUSD,normal,70,81556.5,5708.955,9d1d3ae84db44d1b86c30ba995a05bec,sell,0.0002,0,1.34731338,limit_order,81556.5,75,0,381794802,
2025-04-10 18:22:52.751601+05:30 IST Asia/Kolkata,BTCUSD,normal,5,81556.5,407.7825,499a5f5ec4d544fba5f1c10936d591b0,sell,0.0002,0,0.09623667,limit_order,81556.5,75,70,381794802,
2025-04-10 12:58:17.248576+05:30 IST Asia/Kolkata,BTCUSD,normal,85,81841,6956.485,f2c3ba97e1c749da8871c135b60fd58c,sell,0.0005,0,4.10432615,limit_order,81800,85,0,381119725,
2025-04-10 12:30:34.585764+05:30 IST Asia/Kolkata,BTCUSD,normal,85,8.211E+4,6979.35,d2090795c8ed46638ba46d96e44cda23,buy,0.0002,0,1.6471266,limit_order,82110,85,0,381118210,
2025-04-09 20:22:50.268008+05:30 IST Asia/Kolkata,BTCUSD,normal,65,77093,5011.045,22effe637be54a94aad747c5f860559f,buy,0.0005,0,0,market_order,80862.5,65,0,378902246,
2025-04-09 20:09:56.980247+05:30 IST Asia/Kolkata,BTCUSD,normal,65,77525,5039.125,67bb68c55ecb4748ae30901492064a78,sell,0.0002,0,1.1892335,limit_order,77525,65,0,378862889,
2025-04-09 19:13:04.046226+05:30 IST Asia/Kolkata,BTCUSD,normal,22,77567,1706.474,f80a02ec5c8f43ef8cdb6084fa2e3c72,sell,0.0005,0,0,market_order,73647,85,0,378677740,
2025-04-09 19:13:04.046152+05:30 IST Asia/Kolkata,BTCUSD,normal,63,77567.5,4886.7525,1473b32dca7448f69135867de954a94f,sell,0.0005,0,0,market_order,73647,85,22,378677740,
2025-04-09 19:03:04.488102+05:30 IST Asia/Kolkata,BTCUSD,normal,85,7.735E+4,6574.75,d35e75caf04c49798a454efa2506042b,buy,0.0002,0,1.551641,limit_order,77350,85,0,378629920,
2025-04-09 01:09:19.985118+05:30 IST Asia/Kolkata,BTCUSD,normal,50,7.65E+4,3825,7c8d8ab9eea7424eb3e47781b2aaa0b3,sell,0.0002,0,0.9027,limit_order,76500,50,0,376111220,
2025-04-08 23:16:01.076456+05:30 IST Asia/Kolkata,BTCUSD,normal,50,7.705E+4,3852.5,ff63f0d7e22f4e1ebe0fc5420f68722b,buy,0.0002,0,0.90919,limit_order,77050,50,0,376094074,
2025-04-08 19:55:14.438833+05:30 IST Asia/Kolkata,BTCUSD,normal,40,79452.5,3178.1,dd7c6b5b62254844a9033bd179b1de24,sell,0.0005,0,1.875079,limit_order,79450,65,0,375328357,
2025-04-08 19:55:14.438792+05:30 IST Asia/Kolkata,BTCUSD,normal,25,79453,1986.325,74023fb77ef14a84ba0e32be119fa534,sell,0.0005,0,1.17193175,limit_order,79450,65,40,375328357,
2025-04-08 19:34:19.885438+05:30 IST Asia/Kolkata,BTCUSD,normal,65,79994,5199.61,e28019fee7a649b3a98ea61bf1315eef,buy,0.0002,0,1.22710796,limit_order,79994,65,0,375327137,
2025-04-08 02:46:47.775718+05:30 IST Asia/Kolkata,BTCUSD,normal,50,7.915E+4,3957.5,912d59c5e3f548588d7bac06429e2236,buy,0.0002,0,0.93397,limit_order,79150,50,0,373076476,
2025-04-08 00:35:02.786303+05:30 IST Asia/Kolkata,BTCUSD,normal,20,7.86E+4,1572,479f03b3e16d4480a4eac0969c881138,sell,0.0002,0,0.370992,limit_order,78600,20,0,373374272,
2025-04-07 22:46:00.768102+05:30 IST Asia/Kolkata,BTCUSD,normal,30,78275,2348.25,d69fbcac1f6848f89fca19b8055cfc61,sell,0.0002,0,0.554187,limit_order,78275,30,0,373073711,
2025-04-06 18:52:00.127794+05:30 IST Asia/Kolkata,BTCUSD,normal,100,82553,8255.3,4615812affe340649d759fc7253fb2ae,sell,0.0005,0,4.870627,limit_order,82550,100,0,368399377,
2025-04-06 17:30:56.200565+05:30 IST Asia/Kolkata,BTCUSD,normal,100,82775,8277.5,aaf21f8688504ee7b4dd1574a679123a,buy,0.0002,0,1.95349,limit_order,82775,100,0,368393662,
2025-04-05 18:08:00.312687+05:30 IST Asia/Kolkata,BTCUSD,normal,47,83243.5,3912.4445,ca481821f76c492bad2d4b3a6f47d3f5,sell,0.0005,0,2.30834226,limit_order,83220,80,0,366618606,
2025-04-05 18:08:00.312652+05:30 IST Asia/Kolkata,BTCUSD,normal,33,83244,2747.052,1918884d3bef413a91b7d0495058eaac,sell,0.0005,0,1.62076068,limit_order,83220,80,47,366618606,
2025-04-05 17:03:47.572504+05:30 IST Asia/Kolkata,BTCUSD,normal,80,8.356E+4,6684.8,99821e8d1fb7423e8b69a52f399db23b,buy,0.0002,0,1.5776128,limit_order,83560,80,0,366596097,
2025-03-31 20:39:40.717718+05:30 IST Asia/Kolkata,BTCUSD,normal,46,83388,3835.848,ee5d9c4cc21042349b79d5d1f26050e4,sell,0.0005,0,2.26315032,market_order,79219,80,0,356105161,
2025-03-31 20:39:40.717665+05:30 IST Asia/Kolkata,BTCUSD,normal,34,83388.5,2835.209,3aae6e5d57eb4de9ab8d931dc631cdc2,sell,0.0005,0,1.67277331,market_order,79219,80,46,356105161,
2025-03-31 19:29:22.024742+05:30 IST Asia/Kolkata,BTCUSD,normal,80,8.24E+4,6592,6d651ea5cb204280bb5270c25a9666f9,buy,0.0002,0,1.555712,limit_order,82400,80,0,355950797,
2025-03-27 20:11:36.536015+05:30 IST Asia/Kolkata,BTCUSD,normal,70,8.695E+4,6086.5,fc20c920b13e4b1789fda0e187996552,buy,0.0002,0,1.436414,limit_order,86950,70,0,350315964,
2025-03-27 19:28:06.118614+05:30 IST Asia/Kolkata,BTCUSD,normal,12,86425,1037.1,fab1fb14a72d4229b767d3a8f53ba6b7,sell,0.0002,0,0.2447556,limit_order,86425,70,0,350306896,
2025-03-27 19:28:06.116791+05:30 IST Asia/Kolkata,BTCUSD,normal,58,86425,5012.65,88aa699b83564ebaa0f5999e4af859df,sell,0.0002,0,1.1829854,limit_order,86425,70,12,350306896,
2025-03-25 03:45:08.312952+05:30 IST Asia/Kolkata,BTCUSD,normal,80,87690.5,7015.24,7ccd2c0f0eee41d6a69d44bc224a2cbb,sell,0.0005,0,4.1389916,limit_order,87685,80,0,347252251,
2025-03-25 03:02:44.992583+05:30 IST Asia/Kolkata,BTCUSD,normal,80,88065,7045.2,9d0cad1f26b0441b8877f0dfec3d8aa5,buy,0.0002,0,1.6626672,limit_order,88065,80,0,347251583,
2025-03-24 16:05:55.401542+05:30 IST Asia/Kolkata,BTCUSD,normal,70,87524,6126.68,6c87de7e1e164adcafaf404cdde61b39,buy,0.0005,0,3.6147412,limit_order,87535,70,0,346577724,
2025-03-24 15:30:47.246180+05:30 IST Asia/Kolkata,BTCUSD,normal,70,8.713E+4,6099.1,3643a82d4c764b67966335fa579d050d,sell,0.0002,0,1.4393876,limit_order,87130,70,0,346575985,
2025-03-19 18:47:45.897517+05:30 IST Asia/Kolkata,BTCUSD,normal,70,84225,5895.75,66606544a72047258eba2af198e0bf98,buy,0.0002,0,0,limit_order,84225,70,0,341265056,
2025-03-19 18:35:42.633111+05:30 IST Asia/Kolkata,BTCUSD,normal,18,8.38E+4,1508.4,478e8589767848f18ff398672e555b06,sell,0.0002,0,0.3559824,limit_order,83800,70,0,341258652,
2025-03-19 18:35:42.630672+05:30 IST Asia/Kolkata,BTCUSD,normal,1,8.38E+4,83.8,cc780149371341a6b1e71bb82bb3af7b,sell,0.0002,0,0.0197768,limit_order,83800,70,18,341258652,
2025-03-19 18:35:42.582754+05:30 IST Asia/Kolkata,BTCUSD,normal,4,8.38E+4,335.2,0fcad4f363204163b8d797c5385efe49,sell,0.0002,0,0.0791072,limit_order,83800,70,19,341258652,
2025-03-19 18:35:42.500921+05:30 IST Asia/Kolkata,BTCUSD,normal,6,8.38E+4,502.8,3b520433bb4f418882169fdfd125d2d8,sell,0.0002,0,0.1186608,limit_order,83800,70,23,341258652,
2025-03-19 18:35:42.498545+05:30 IST Asia/Kolkata,BTCUSD,normal,6,8.38E+4,502.8,96e8fd2199c2406aa138a29882aea927,sell,0.0002,0,0.1186608,limit_order,83800,70,29,341258652,
2025-03-19 18:35:42.494595+05:30 IST Asia/Kolkata,BTCUSD,normal,19,8.38E+4,1592.2,823f49fbbfd74ab0ab19ad87c6d95c15,sell,0.0002,0,0.3757592,limit_order,83800,70,35,341258652,
2025-03-19 18:35:42.491418+05:30 IST Asia/Kolkata,BTCUSD,normal,8,8.38E+4,670.4,a859b4ab2baf43c38c4ea167c19f7591,sell,0.0002,0,0.1582144,limit_order,83800,70,54,341258652,
2025-03-19 18:35:42.487383+05:30 IST Asia/Kolkata,BTCUSD,normal,5,8.38E+4,419,890ceb641bf54eba8923d85929690dc0,sell,0.0002,0,0.098884,limit_order,83800,70,62,341258652,
2025-03-19 18:35:42.483094+05:30 IST Asia/Kolkata,BTCUSD,normal,3,8.38E+4,251.4,ee5a91d65d114b338043d9cea8e2f0c5,sell,0.0002,0,0.0593304,limit_order,83800,70,67,341258652,
2025-03-18 10:18:57.121493+05:30 IST Asia/Kolkata,BTCUSD,normal,60,8.29E+4,4974,41a51781940c433ba8362a2e9d059539,sell,0.0002,0,1.173864,limit_order,82900,60,0,339075305,
2025-03-17 20:01:53.735353+05:30 IST Asia/Kolkata,BTCUSD,normal,55,8.28E+4,4554,0c898b6469664b42b6617bd1bf5b1e68,buy,0.0002,0,1.074744,limit_order,82800,60,0,339073254,
2025-03-17 20:01:27.858107+05:30 IST Asia/Kolkata,BTCUSD,normal,4,8.28E+4,331.2,023afa39d1fb4c7f96367dd1bcf79f6c,buy,0.0002,0,0.0781632,limit_order,82800,70,65,339073254,
2025-03-17 20:01:27.576958+05:30 IST Asia/Kolkata,BTCUSD,normal,1,8.28E+4,82.8,866aee9f2b9f471591da8fc398ae12df,buy,0.0002,0,0.0195408,limit_order,82800,70,69,339073254,
2025-03-08 17:30:01.337191+05:30 IST Asia/Kolkata,P-BTC-86000-080325,settlement,500,123.5689655172,42984.15,788c4d5ecab244ca937d5932de3c9132,sell,0.0003,0,7.29056897,limit_order,123.5689655172,500,0,09fb3807168240f1a0b55ccead016677,
2025-03-08 17:30:01.022425+05:30 IST Asia/Kolkata,P-BTC-86400-080325,settlement,500,523.5689655172,42984.15,9c7c7a4ded5b4be89c16304faf5ef44b,buy,0.0003,0,15.2163891,limit_order,523.5689655172,500,0,b3ed507d9b0143699ffc576721ea3f48,
2025-03-08 17:30:00.532230+05:30 IST Asia/Kolkata,P-BTC-86200-080325,settlement,500,323.5689655172,42981.65,6cebfc67f67e47649365b68137787d9c,buy,0.0003,0,15.2155041,limit_order,323.5689655172,500,0,fb7861f72b0e4904b42f13f902d21502,
2025-03-08 17:30:00.137251+05:30 IST Asia/Kolkata,P-BTC-86600-080325,settlement,500,723.5689655172,42981.55,f54003b495eb4aef82cfde82a3c68e34,sell,0.0003,0,15.2154687,limit_order,723.5689655172,500,0,ac509387408e41999b05066f5c97e6c9,
2025-03-08 12:42:43.567891+05:30 IST Asia/Kolkata,P-BTC-86200-080325,normal,500,1.8E+2,43252.6,e3961695271449c9bd5e0f0a1d63be23,sell,0.0003,0,10.62,limit_order,180,500,0,326832338,
2025-03-08 12:42:43.221407+05:30 IST Asia/Kolkata,P-BTC-86400-080325,normal,480,2.5E+2,41521.104,1d315481f12f4fffbb69923899c01443,sell,0.0003,0,14.16,limit_order,250,500,0,326832334,
2025-03-08 12:42:12.906972+05:30 IST Asia/Kolkata,P-BTC-86400-080325,normal,20,2.5E+2,1730.536,62efb43726f340a58b413100bd5a2579,sell,0.0003,0,0.59,limit_order,250,500,480,326832334,
2025-03-08 12:38:11.471533+05:30 IST Asia/Kolkata,P-BTC-86000-080325,normal,500,129.3,43268.05,3f26ca274e044190b51193f047ab7f05,buy,0.0003,0,7.6287,limit_order,129.3,500,0,326832335,
2025-03-08 12:38:11.376658+05:30 IST Asia/Kolkata,P-BTC-86600-080325,normal,500,346,43262.45,3438b848080f41129f3b4d379a40c60f,buy,0.0003,0,15.3149073,limit_order,346,500,0,326832336,
2025-03-04 13:56:41.287181+05:30 IST Asia/Kolkata,BTCUSD,normal,60,83873,5032.38,7618923faab843908535cd02dc3c96bd,buy,0.0005,0,2.9691042,limit_order,83875,60,0,320334504,
2025-03-04 11:53:07.559610+05:30 IST Asia/Kolkata,BTCUSD,normal,60,8.4E+4,5.04E+3,0e2b1ce9ece441ba9423fe9564299598,sell,0.0002,0,1.18944,limit_order,84000,60,0,320333400,
2025-03-03 23:48:09.176738+05:30 IST Asia/Kolkata,BTCUSD,normal,60,89159,5349.54,ddafbd59d1fa41539622c8b974198a16,buy,0.0002,0,1.26249144,limit_order,89159,60,0,319530814,
2025-03-03 23:22:44.867725+05:30 IST Asia/Kolkata,BTCUSD,normal,60,9.045E+4,5427,341548c209d94009ae787f8a6663ab22,sell,0.0002,0,1.280772,limit_order,90450,60,0,319529744,
2025-03-03 20:08:09.203124+05:30 IST Asia/Kolkata,BTCUSD,normal,80,9.201E+4,7360.8,94994f6d71874def9bf27d52b2e39d27,buy,0.0002,0,1.7371488,limit_order,92010,80,0,319041446,
2025-03-03 19:36:52.374603+05:30 IST Asia/Kolkata,BTCUSD,normal,4,93387.5,373.55,a61953a64bd64c849b7bf539945ba0ed,sell,0.0005,0,0.2203945,limit_order,93370,80,0,319040449,
2025-03-03 19:36:52.374553+05:30 IST Asia/Kolkata,BTCUSD,normal,76,93388,7097.488,07eb606d83f64e198ecdc3472910b720,sell,0.0005,0,4.18751792,limit_order,93370,80,4,319040449,
2025-03-03 12:09:23.850913+05:30 IST Asia/Kolkata,BTCUSD,normal,70,9.238E+4,6466.6,9c36c94d0d0449818ecdd7731ad472c2,sell,0.0002,0,1.5261176,limit_order,92380,70,0,318268880,
2025-03-03 09:00:16.601272+05:30 IST Asia/Kolkata,BTCUSD,normal,70,92658.5,6486.095,c45628ae5f754dfe8a73c5e5a127e6c7,buy,0.0005,0,3.82679605,limit_order,92700,70,0,318267534,
2025-03-02 17:27:26.933313+05:30 IST Asia/Kolkata,P-BTC-85200-020325,normal,200,0.1,17222.1,7e8aa35b95e341e7812473d94312092f,sell,0.0003,0,0.00236,limit_order,0.1,200,0,316781705,
2025-03-02 17:27:03.127157+05:30 IST Asia/Kolkata,P-BTC-84000-020325,normal,200,0.1,17218.4,426a09c284e8454e90cfc1ee98c39edb,sell,0.0003,0,0.00236,limit_order,0.1,200,0,316781421,
2025-03-02 17:22:56.933754+05:30 IST Asia/Kolkata,P-BTC-84800-020325,normal,200,0.1,17216.76,3f6dbb8dc1a74b689b54d9b86210506f,buy,0.0003,0,0.00236,limit_order,0.1,200,0,316773990,
2025-03-02 17:22:40.209427+05:30 IST Asia/Kolkata,P-BTC-84400-020325,normal,200,0.1,17218.54,9987a9feb1cf4e8f87e9fe8bdad0a45c,buy,0.0003,0,0.00236,limit_order,0.1,200,0,316773907,
2025-03-02 03:06:24.057521+05:30 IST Asia/Kolkata,BTCUSD,normal,60,85706,5142.36,945ca61b28454aa997190ab07b076da9,buy,0.0005,0,3.0339924,limit_order,85720,60,0,315932831,
2025-03-01 22:42:50.818333+05:30 IST Asia/Kolkata,BTCUSD,normal,60,8.5E+4,5.1E+3,fe05690575d44a7b859a4deb66c93e16,sell,0.0002,0,1.2036,limit_order,85000,60,0,315931124,
2025-03-01 17:21:39.909012+05:30 IST Asia/Kolkata,C-BTC-85600-010325,normal,220,0.9,18615.168,9aedd3700124451ebc85356e22e1616b,buy,0.0003,0,0.023364,limit_order,0.9,300,0,315575909,
2025-03-01 17:21:34.319403+05:30 IST Asia/Kolkata,C-BTC-86000-010325,normal,243,0.9,20561.2749,bf55f54cd70943aabe48fbb428ebfe61,buy,0.0003,0,0.0258066,limit_order,0.9,300,0,315576206,
2025-03-01 17:21:34.319347+05:30 IST Asia/Kolkata,C-BTC-86000-010325,normal,57,0.9,4823.0151,9b0af3d2761448698d649f96fddb347d,buy,0.0003,0,0.0060534,limit_order,0.9,300,243,315576206,
2025-03-01 17:21:25.033183+05:30 IST Asia/Kolkata,C-BTC-86400-010325,normal,300,0.1,25388.19,63b9fac4de0442f48191e579977b1db1,sell,0.0003,0,0.00354,limit_order,0.1,300,0,315576072,
2025-03-01 17:21:14.830865+05:30 IST Asia/Kolkata,C-BTC-85600-010325,normal,80,0.9,6771.536,dda60ac27a254a4c8340c5d75146a88e,buy,0.0003,0,0.008496,limit_order,0.9,300,220,315575909,
2025-03-01 17:21:05.466731+05:30 IST Asia/Kolkata,C-BTC-85200-010325,normal,300,0.1,25391.64,0dfa81dc9f7d4321aa357bcb773ecf25,sell,0.0003,0,0.00354,limit_order,0.1,300,0,315575766,
2025-03-01 15:54:32.119094+05:30 IST Asia/Kolkata,C-BTC-86000-010325,normal,125,4.5,10634.975,24eb270de44a49f8838ee451cde1e811,sell,0.0003,0,0.066375,limit_order,4.5,300,0,315443716,
2025-03-01 15:53:56.909731+05:30 IST Asia/Kolkata,C-BTC-86000-010325,normal,175,4.5,14879.935,adf7eab7566c43029266e548b28fb923,sell,0.0003,0,0.092925,limit_order,4.5,300,125,315443716,
2025-03-01 15:53:11.767698+05:30 IST Asia/Kolkata,C-BTC-86400-010325,normal,300,3.5,25499.31,2ea77355186a4349b841ae2f389d3805,buy,0.0003,0,0.1239,limit_order,3.5,300,0,315443715,
2025-03-01 15:51:18.849149+05:30 IST Asia/Kolkata,C-BTC-85600-010325,normal,300,27,25541.61,11c27a6c30414945bac7a63efa05248f,sell,0.0003,0,0.9558,limit_order,27,300,0,315443718,
2025-03-01 15:50:53.542783+05:30 IST Asia/Kolkata,C-BTC-85200-010325,normal,300,98,25521.39,02ec236bbb5a428eb48dba318b8f1a0b,buy,0.0003,0,3.4692,limit_order,98,300,0,315443719,
2025-03-01 15:33:43.299419+05:30 IST Asia/Kolkata,P-BTC-84000-020325,normal,200,128,17050.46,4609854af5e7485883575529ae1df9f3,buy,0.0003,0,3.0208,market_order,681.6,200,0,315423422,
2025-03-01 15:33:43.298604+05:30 IST Asia/Kolkata,P-BTC-84400-020325,normal,200,184,17055.14,abc05a91383142499493164a2bfe6632,sell,0.0003,0,4.3424,market_order,0.1,200,0,315423421,
2025-03-01 15:33:43.297900+05:30 IST Asia/Kolkata,P-BTC-84800-020325,normal,200,281,17050.3,7a6600ab2f1b405d82ec661220e1a69c,sell,0.0003,0,6.0358062,market_order,0.1,200,0,315423420,
2025-03-01 15:33:43.293857+05:30 IST Asia/Kolkata,P-BTC-85200-020325,normal,200,445,17051.64,15457f06beb94bf0a7c63c950a547ed2,buy,0.0003,0,6.03628056,market_order,1723.9,200,0,315423419,
2025-02-28 12:06:29.673438+05:30 IST Asia/Kolkata,BTCUSD,normal,60,79772.5,4786.35,cebc77e8ccc842629c9a30952f39cf1b,buy,0.0005,0,2.8239465,limit_order,80400,60,0,313453055,
2025-02-28 11:47:14.160138+05:30 IST Asia/Kolkata,BTCUSD,normal,60,7.975E+4,4785,5d705c0c0282404789df76f36cfe732e,sell,0.0002,0,1.12926,limit_order,79750,60,0,313444518,
2025-02-26 23:28:02.454862+05:30 IST Asia/Kolkata,BTCUSD,normal,60,85639,5138.34,e93822437c384906965ac7866b64cc3a,buy,0.0002,0,1.21264824,limit_order,85639,60,0,311241750,
2025-02-26 22:52:30.974983+05:30 IST Asia/Kolkata,BTCUSD,normal,60,86811,5208.66,3e33b20932e04016bf4745c60f238e49,sell,0.0005,0,3.0731094,limit_order,86800,60,0,311240241,
2025-02-26 19:54:21.204805+05:30 IST Asia/Kolkata,BTCUSD,normal,50,85625,4281.25,25a82d0ee675419baa86fafe5abe7c8a,buy,0.0002,0,1.010375,limit_order,85625,50,0,310239728,
2025-02-26 11:15:15.825615+05:30 IST Asia/Kolkata,BTCUSD,normal,10,88750.5,887.505,3b8d2da4534445369ad5d68c1bd94e5a,buy,0.0002,0,0.20945118,limit_order,88750.5,10,0,310284336,
2025-02-26 10:24:29.828984+05:30 IST Asia/Kolkata,BTCUSD,normal,60,88855.5,5331.33,ee330180e01c4367bee94b57e940589d,sell,0.0005,0,3.1454847,limit_order,88855,60,0,310238396,
2025-02-25 20:08:42.243493+05:30 IST Asia/Kolkata,BTCUSD,normal,2,8.85E+4,177,a54a3adc58a047329c8ff3ba41545b04,sell,0.0005,0,0,limit_order,88500,90,0,309424895,
2025-02-25 20:08:42.243475+05:30 IST Asia/Kolkata,BTCUSD,normal,15,8.85E+4,1327.5,4a30bd58182b47989ed6cb7cf549572a,sell,0.0005,0,0,limit_order,88500,90,2,309424895,
2025-02-25 20:08:42.243454+05:30 IST Asia/Kolkata,BTCUSD,normal,20,8.85E+4,1.77E+3,57061f38adde49fe85378e8c7baec8f0,sell,0.0005,0,0,limit_order,88500,90,17,309424895,
2025-02-25 20:08:42.243421+05:30 IST Asia/Kolkata,BTCUSD,normal,7,8.85E+4,619.5,d8f866f4d6b243afa79cc8e2c2b1a463,sell,0.0005,0,0,limit_order,88500,90,37,309424895,
2025-02-25 20:08:42.243347+05:30 IST Asia/Kolkata,BTCUSD,normal,1,8.85E+4,88.5,abb6acb2c0a3407d8c8d350cad94b79e,sell,0.0005,0,0,limit_order,88500,90,44,309424895,
2025-02-25 20:08:42.243329+05:30 IST Asia/Kolkata,BTCUSD,normal,1,8.85E+4,88.5,910d1b9f13704d7db05dccb42f848e7d,sell,0.0005,0,0,limit_order,88500,90,45,309424895,
2025-02-25 20:08:42.243309+05:30 IST Asia/Kolkata,BTCUSD,normal,2,8.85E+4,177,ad09daf8526d4f3fbd04b191643bd88b,sell,0.0005,0,0,limit_order,88500,90,46,309424895,
2025-02-25 20:08:42.243271+05:30 IST Asia/Kolkata,BTCUSD,normal,42,8.85E+4,3717,d40ddbbd11db4294a9ff26b4e3ae1b23,sell,0.0005,0,0,limit_order,88500,90,48,309424895,
2025-02-25 19:58:24.031510+05:30 IST Asia/Kolkata,BTCUSD,normal,90,89009.5,8010.855,4c9f58f3dd404774b80fae99806566c1,buy,0.0005,0,4.72640445,limit_order,89100,90,0,309421920,
2025-02-24 20:34:44.155007+05:30 IST Asia/Kolkata,BTCUSD,normal,80,94322.5,7545.8,649c3aea563043c0a8715c4f910d9c9e,buy,0.0002,0,1.7808088,limit_order,94322.5,80,0,307667108,
2025-02-24 18:48:18.786553+05:30 IST Asia/Kolkata,BTCUSD,normal,80,95721,7657.68,e18c2d411965435a87422364b88d11b5,sell,0.0002,0,1.80721248,limit_order,95721,80,0,307666115,
2025-02-24 04:31:45.060618+05:30 IST Asia/Kolkata,BTCUSD,normal,63.000000000000000000,9.607E+4,6052.41,e4defac5a9a84492816f95d2feac59a4,buy,0.0005,0,3.5709219,limit_order,96080,70,0.000000000000000000,306076008,
2025-02-24 04:31:45.060573+05:30 IST Asia/Kolkata,BTCUSD,normal,7.000000000000000000,96069.5,672.4865,790a05b529fc45bf81d004b18568053a,buy,0.0005,0,0.39676704,limit_order,96080,70,63.000000000000000000,306076008,
2025-02-23 00:50:28.247472+05:30 IST Asia/Kolkata,BTCUSD,normal,70,9.652E+4,6756.4,2feb4d6ad6f547989c49f6ffd0670981,sell,0.0002,0,1.5945104,limit_order,96520,70,0,306064105,
2025-02-22 18:04:05.939454+05:30 IST Asia/Kolkata,BTCUSD,normal,95,96661,9182.795,54bd77e8b75c4c59baa51775a8bbbeab,buy,0.0002,0,0,limit_order,96661,95,0,305668929,
2025-02-22 17:52:14.521459+05:30 IST Asia/Kolkata,BTCUSD,normal,95,96547,9171.965,b0736f3eb0b642aa8dceb38ec6ec1b5d,sell,0.0005,0,5.41145935,limit_order,96545,95,0,305666412,
2025-02-22 01:20:12.648149+05:30 IST Asia/Kolkata,BTCUSD,normal,70,95255.5,6667.885,159921ab5abf4a2ab6e51e495f9c3463,buy,0.0002,0,1.57362086,limit_order,95255.5,70,0,304685502,
2025-02-21 21:23:40.921460+05:30 IST Asia/Kolkata,BTCUSD,normal,25,9.825E+4,2456.25,65a52cd55ec54852a5def3fa84ce33fd,sell,0.0002,0,0.579675,limit_order,98250,25,0,304678759,
2025-02-21 21:22:19.578228+05:30 IST Asia/Kolkata,BTCUSD,normal,45,9.8E+4,4.41E+3,760d1737089b42bea3fa9c64945d9e10,sell,0.0002,0,1.04076,limit_order,98000,45,0,304670144,
2025-02-21 04:02:39.282782+05:30 IST Asia/Kolkata,BNBUSD,normal,40,658.6,2634.4,84ce9626ae0f497aae7bdfe0598c4112,buy,0.0002,0,0.6217184,limit_order,658.6,40,0,302476031,
2025-02-19 20:31:32.708575+05:30 IST Asia/Kolkata,BNBUSD,normal,40,649.2,2596.8,bbe5621363e1440495122f8f80000ab9,sell,0.0002,0,0.6128448,limit_order,649.2,40,0,302474491,
2025-02-18 17:51:35.443518+05:30 IST Asia/Kolkata,BTCUSD,normal,65,95819.5,6228.2675,0455f18d29fb43c7a365d01a7f44eeec,buy,0.0005,0,3.67467783,limit_order,95850,65,0,300685905,
2025-02-18 02:18:35.956520+05:30 IST Asia/Kolkata,BTCUSD,normal,30,9.609E+4,2882.7,9ca8d880ff1b4f19be002004f0e51702,sell,0.0002,0,0.6803172,limit_order,96090,30,0,300602408,
2025-02-18 02:09:21.666651+05:30 IST Asia/Kolkata,BTCUSD,normal,35,9.588E+4,3355.8,7ca53e35575b4462bfc1824148381be4,sell,0.0002,0,0.7919688,limit_order,95880,35,0,300600675,
2025-02-17 23:32:17.345500+05:30 IST Asia/Kolkata,BNBUSD,normal,25.000000000000000000,661.02,1652.55,6b2caf0e80304ae3aaf31626ff4b5b49,sell,0.0005,0,0.9750045,limit_order,660.5,25.000000000000000000,0.000000000000000000,298368595,
2025-02-16 20:57:54.867453+05:30 IST Asia/Kolkata,BNBUSD,normal,15,682.9,1024.35,3df991fd6ee147c1a3b9684087f939ea,sell,0.0002,0,0.2417466,limit_order,682.9,15,0,299432206,
2025-02-16 15:33:31.235606+05:30 IST Asia/Kolkata,BTCUSD,normal,57,97335,5548.095,b0eba8f560594438b909c5ae7276c5cc,buy,0.0002,0,1.30935042,limit_order,97335,90,0,299163710,
2025-02-16 15:33:30.971713+05:30 IST Asia/Kolkata,BTCUSD,normal,30,97335,2920.05,a48294f8ff414e0d8c433c16d7203bef,buy,0.0002,0,0.6891318,limit_order,97335,90,57,299163710,
2025-02-16 15:33:30.946885+05:30 IST Asia/Kolkata,BTCUSD,normal,3,97335,292.005,8fbc4f1eb1024d628bca4aa72ea55f8d,buy,0.0002,0,0.06891318,limit_order,97335,90,87,299163710,
2025-02-16 14:14:51.949943+05:30 IST Asia/Kolkata,BTCUSD,normal,90,97125,8741.25,ac3d385de8ca4825b4f6b535a6f95f19,sell,0.0002,0,2.062935,limit_order,97125,90,0,299162780,
2025-02-16 03:44:29.284455+05:30 IST Asia/Kolkata,BNBUSD,normal,10,662,662,b4ef1c683be6490592766a9ece574fc7,buy,0.0002,0,0.156232,limit_order,662,10,0,298889841,
2025-02-15 14:02:56.186082+05:30 IST Asia/Kolkata,BNBUSD,normal,30,659.3,1977.9,2b85dc6ee71e4b56ae6f0d72b934a879,buy,0.0002,0,0.4667844,limit_order,659.3,30,0,298366945,
2025-02-14 15:23:04.485997+05:30 IST Asia/Kolkata,DOGEUSD,normal,150,0.27184,4077.6,e05837669e244ade811bcf3e3f5d6d52,sell,0.0005,0,2.405784,limit_order,0.2717,150,0,297215780,
2025-02-14 14:05:14.403813+05:30 IST Asia/Kolkata,DOGEUSD,normal,69,0.266489,1838.7741,0eda42c30ddc457c9518fbdb2695dcf2,buy,0.0002,0,0.43395069,limit_order,0.266489,150,0,297211652,
2025-02-14 14:04:45.398340+05:30 IST Asia/Kolkata,DOGEUSD,normal,35,0.266489,932.7115,2bdbd77c94e648d0b06952cd792a3cea,buy,0.0002,0,0.22011992,limit_order,0.266489,150,69,297211652,
2025-02-14 14:04:45.241070+05:30 IST Asia/Kolkata,DOGEUSD,normal,6,0.266489,159.8934,e052a035ded441128773e27f51a23324,buy,0.0002,0,0.03773485,limit_order,0.266489,150,104,297211652,
2025-02-14 14:04:43.982993+05:30 IST Asia/Kolkata,DOGEUSD,normal,40,0.266489,1065.956,453c0fe0b8d4462499ec20a441aaca9c,buy,0.0002,0,0.25156562,limit_order,0.266489,150,110,297211652,
2025-02-13 21:39:06.607102+05:30 IST Asia/Kolkata,BTCUSD,normal,44.000000000000000000,95622.5,4207.39,3894340296f04b1792d44fe0a2c7817c,sell,0.0005,0,2.4823601,limit_order,95600,110,0.000000000000000000,296540783,
2025-02-13 21:39:06.607051+05:30 IST Asia/Kolkata,BTCUSD,normal,66.000000000000000000,95623,6311.118,7f04fa62bed64e359d4778d0a2bb47a3,sell,0.0005,0,3.72355962,limit_order,95600,110,44.000000000000000000,296540783,
2025-02-13 20:27:23.475176+05:30 IST Asia/Kolkata,BTCUSD,normal,20,95805,1916.1,d68083d3cf3c4b42aa64ee56e93b8203,buy,0.0002,0,0.4521996,limit_order,95805,20,0,296556040,
2025-02-13 20:14:03.548986+05:30 IST Asia/Kolkata,BTCUSD,normal,55,9.58E+4,5269,45b484e1d94242499526248f89076a63,buy,0.0002,0,1.243484,limit_order,95800,90,0,296539071,
2025-02-13 20:14:03.386237+05:30 IST Asia/Kolkata,BTCUSD,normal,9,9.58E+4,862.2,6692178359a14fce8d2ca9b6f4f21986,buy,0.0002,0,0.2034792,limit_order,95800,80,45,296539071,
2025-02-13 20:14:03.351636+05:30 IST Asia/Kolkata,BTCUSD,normal,1,9.58E+4,95.8,554ed7a9fbe24e10a748a1d6bd1a2e4b,buy,0.0002,0,0.0226088,limit_order,95800,80,54,296539071,
2025-02-13 20:14:03.342539+05:30 IST Asia/Kolkata,BTCUSD,normal,3,9.58E+4,287.4,a6124f4a5ba84577a9cfa8c6363791cd,buy,0.0002,0,0.0678264,limit_order,95800,80,55,296539071,
2025-02-13 20:14:03.334512+05:30 IST Asia/Kolkata,BTCUSD,normal,22,9.58E+4,2107.6,35a3f08ece184e96a72ee88762a24408,buy,0.0002,0,0.4973936,limit_order,95800,80,58,296539071,
2025-02-13 18:54:59.562087+05:30 IST Asia/Kolkata,BNBUSD,normal,3,724.16,217.248,a74d0364c0ae490f801d8b08e9b9a907,sell,0.0005,0,0,limit_order,724,32,0,296424077,
2025-02-13 18:54:59.562034+05:30 IST Asia/Kolkata,BNBUSD,normal,29,724.18,2100.122,bafd1852200e4afcbc2fe348f639e973,sell,0.0005,0,0,limit_order,724,32,3,296424077,
2025-02-13 18:44:20.175450+05:30 IST Asia/Kolkata,BNBUSD,normal,2,711,142.2,6e52e4622bfc4f56873bc44f6bd0ae00,buy,0.0002,0,0.0335592,limit_order,711,32,0,296422435,
2025-02-13 18:44:20.175393+05:30 IST Asia/Kolkata,BNBUSD,normal,16,711,1137.6,aa6f31f77ed84e09816020c0e9058576,buy,0.0002,0,0.2684736,limit_order,711,32,2,296422435,
2025-02-13 18:44:20.175282+05:30 IST Asia/Kolkata,BNBUSD,normal,14,711,995.4,4d2b3545bbb440be84f3d702394a3ba8,buy,0.0002,0,0.2349144,limit_order,711,32,18,296422435,
2025-02-13 01:05:34.422454+05:30 IST Asia/Kolkata,BNBUSD,normal,25,688.28,1720.7,082b94787b0b4995ba713604d640d93c,sell,0.0005,0,1.015213,limit_order,688.023,25,0,295483757,
2025-02-12 21:39:51.377985+05:30 IST Asia/Kolkata,BTCUSD,normal,45.000000000000000000,9.54E+4,4293,560fa244675f4fc4841b0842f85fc07b,sell,0.0002,0,1.013148,limit_order,95400,90,0.000000000000000000,295481598,
2025-02-12 21:39:51.364140+05:30 IST Asia/Kolkata,BTCUSD,normal,1,9.54E+4,95.4,0a043bc3306d4734922a9962bf1bb5d8,sell,0.0002,0,0.0225144,limit_order,95400,90,45.000000000000000000,295481598,
2025-02-12 21:39:51.292364+05:30 IST Asia/Kolkata,BTCUSD,normal,1,9.54E+4,95.4,c1c4976034fd4ab39c28b038dbbca42c,sell,0.0002,0,0.0225144,limit_order,95400,90,46.000000000000000000,295481598,
2025-02-12 21:39:51.209621+05:30 IST Asia/Kolkata,BTCUSD,normal,10,9.54E+4,954,1e8aecd3b0f0455b8c953cbfc9fd3765,sell,0.0002,0,0.225144,limit_order,95400,90,47.000000000000000000,295481598,
2025-02-12 21:39:51.154132+05:30 IST Asia/Kolkata,BTCUSD,normal,2,9.54E+4,190.8,e437b7e6ed2b4167924842ba12bf813d,sell,0.0002,0,0.0450288,limit_order,95400,90,57.000000000000000000,295481598,
2025-02-12 21:39:51.134579+05:30 IST Asia/Kolkata,BTCUSD,normal,4,9.54E+4,381.6,0f72111578c644f799831fac38ad3c9e,sell,0.0002,0,0.0900576,limit_order,95400,90,59.000000000000000000,295481598,
2025-02-12 21:39:51.103783+05:30 IST Asia/Kolkata,BTCUSD,normal,27.000000000000000000,9.54E+4,2575.8,406379dcdf744ddc941a507f665d4072,sell,0.0002,0,0.6078888,limit_order,95400,90,63.000000000000000000,295481598,
2025-02-12 21:26:24.513561+05:30 IST Asia/Kolkata,BNBUSD,normal,25,658.11,1645.275,258520deaabc4be9a3efd56701cca69c,buy,0.0002,0,0.3882849,limit_order,658.11,25,0,295482332,
2025-02-12 21:24:26.294657+05:30 IST Asia/Kolkata,BTCUSD,normal,90,95772,8619.48,fa93e6bd358e45bf96584cd2572151d5,buy,0.0005,0,5.0854932,limit_order,95780,90,0,295480491,
2025-02-12 20:51:20.048661+05:30 IST Asia/Kolkata,BTCUSD,normal,70,95515.5,6686.085,32558cf682d6429382cbd58b8717456f,buy,0.0005,0,3.94479015,limit_order,95579,70,0,295374115,
2025-02-12 20:14:49.996262+05:30 IST Asia/Kolkata,BTCUSD,normal,70,9.555E+4,6688.5,6fa61c40e93c4d79b5296ccb303bbaa0,sell,0.0002,0,1.578486,limit_order,95550,70,0,295371967,
2025-02-12 20:03:13.070675+05:30 IST Asia/Kolkata,BTCUSD,normal,50,94884,4744.2,b2221422355a4843833fc55524eeb2d3,buy,0.0005,0,2.799078,limit_order,95850,50,0,295305847,
2025-02-12 19:35:52.122664+05:30 IST Asia/Kolkata,BTCUSD,normal,50,9.51E+4,4755,6f600620de814f36a84112e680e836be,sell,0.0002,0,1.12218,limit_order,95100,50,0,295283028,
2025-02-12 01:04:04.927054+05:30 IST Asia/Kolkata,BTCUSD,normal,50,94934,4746.7,c92a12d3340a4783ab6018116c2757bb,buy,0.0002,0,1.1202212,limit_order,94934,50,0,294302201,
2025-02-12 00:17:02.299039+05:30 IST Asia/Kolkata,BTCUSD,normal,20,95562.5,1911.25,e30a4a5629cd47feada8351c30b6a84c,sell,0.0002,0,0.451055,limit_order,95562.5,20,0,294537818,
2025-02-11 20:41:02.915621+05:30 IST Asia/Kolkata,BTCUSD,normal,30,96701,2901.03,7732a70ef6e74696bcc36e80b591f457,sell,0.0005,0,1.7116077,limit_order,96700,30,0,294299133,
2025-02-10 22:04:49.453158+05:30 IST Asia/Kolkata,BTCUSD,normal,52.000000000000000000,96923,5039.996,2e331cba50e04341b1d12d2b447c6a1c,sell,0.0005,0,2.97359764,limit_order,96760,65,0.000000000000000000,293300034,
2025-02-10 22:04:49.453055+05:30 IST Asia/Kolkata,BTCUSD,normal,13.000000000000000000,96923.5,1260.0055,fa2d5bf7875e40b1b8d231394fa1a7e0,sell,0.0005,0,0.74340325,limit_order,96760,65,52.000000000000000000,293300034,
2025-02-10 20:56:11.365271+05:30 IST Asia/Kolkata,BTCUSD,normal,65,97152,6314.88,cea98396ffa3499d86f87908f071ad90,buy,0.0002,0,1.49031168,limit_order,97152,65,0,293297401,
2025-02-10 19:45:34.873431+05:30 IST Asia/Kolkata,BTCUSD,normal,80,97646,7811.68,3bb1384f614642e8b0af9b3e737734b1,sell,0.0005,0,4.6088912,limit_order,97641,80,0,293149422,
2025-02-10 19:18:09.682019+05:30 IST Asia/Kolkata,BTCUSD,normal,80,9.785E+4,7828,5dc7980c713d4c56b5e5c01ab0a60a38,buy,0.0002,0,1.847408,limit_order,97850,80,0,293146991,
2025-02-10 05:34:01.056712+05:30 IST Asia/Kolkata,BTCUSD,normal,80,9.671E+4,7736.8,6b2e4aac442d403c89d927a38900361e,buy,0.0002,0,1.8258848,limit_order,96710,80,0,292496421,
2025-02-10 02:23:45.781728+05:30 IST Asia/Kolkata,BTCUSD,normal,80,96202,7696.16,eb85ef2d110843ca899e2b0283f8fa36,sell,0.0005,0,4.5407344,limit_order,96200,80,0,292496132,
2025-02-10 00:13:25.285327+05:30 IST Asia/Kolkata,BTCUSD,normal,68,96218,6542.824,491c9291850b4bab9bc4f6e5edc35603,buy,0.0005,0,3.86026616,limit_order,96450,85,0,292273790,
2025-02-10 00:13:25.285290+05:30 IST Asia/Kolkata,BTCUSD,normal,17,96217.5,1635.6975,f90a802a47ec47c4a3290fd90528e69d,buy,0.0005,0,0.96506153,limit_order,96450,85,68,292273790,
2025-02-09 22:46:09.552563+05:30 IST Asia/Kolkata,BTCUSD,normal,25,96303.5,2407.5875,3abba542d5624b6c99321e129d516029,sell,0.0002,0,0.56819065,limit_order,96303.5,25,0,292376276,
2025-02-09 20:41:39.910746+05:30 IST Asia/Kolkata,BTCUSD,normal,30,9.634E+4,2890.2,bd242b83e5b64628b79a04fea5e71212,sell,0.0002,0,0.6820872,limit_order,96340,30,0,292273078,
2025-02-09 19:54:08.873474+05:30 IST Asia/Kolkata,BTCUSD,normal,30,9.6E+4,2.88E+3,d8a75bf624874cc1918113137eece390,sell,0.0002,0,0.67968,limit_order,96000,30,0,292246746,
2025-02-09 00:00:48.871343+05:30 IST Asia/Kolkata,BTCUSD,normal,145,9.642E+4,13980.9,e7992632b0cd44bd8afc9de234e6145c,buy,0.0002,0,3.2994924,limit_order,96420,145,0,291062448,
2025-02-08 23:36:43.618581+05:30 IST Asia/Kolkata,BTCUSD,normal,25,9.626E+4,2406.5,fc74a55498324e6b97c9f898c9234005,sell,0.0005,0,1.419835,limit_order,96260,25,0,291541827,
2025-02-08 23:08:08.643531+05:30 IST Asia/Kolkata,BTCUSD,normal,8.000000000000000000,96185,769.48,9ab1f6f595004c03a79b784bf0ea70cc,sell,0.0002,0,0.18159728,limit_order,96185,50,0.000000000000000000,291520117,
2025-02-08 23:08:08.642541+05:30 IST Asia/Kolkata,BTCUSD,normal,42.000000000000000000,96185,4039.77,c8128106ba4c4099954c01cdaf4af0d6,sell,0.0002,0,0.95338572,limit_order,96185,50,8.000000000000000000,291520117,
2025-02-08 14:48:45.611871+05:30 IST Asia/Kolkata,BTCUSD,normal,20,9.605E+4,1921,74f693e3fdf843798d35fa58a09ae222,sell,0.0002,0,0.453356,limit_order,96050,20,0,291118578,
2025-02-08 13:20:02.971521+05:30 IST Asia/Kolkata,BTCUSD,normal,50,96165,4808.25,a9c18d32b27f48c2af39be222c2386a8,sell,0.0002,0,1.134747,limit_order,96165,50,0,291061009,
2025-02-08 05:49:26.518255+05:30 IST Asia/Kolkata,BTCUSD,normal,100,96506.5,9650.65,fde7f86626a542abbbfd4bd2ce3ca4f4,sell,0.0005,0,5.6938835,limit_order,96500,100,0,290768586,
2025-02-08 03:54:30.134337+05:30 IST Asia/Kolkata,BTCUSD,normal,100,9.57E+4,9.57E+3,8673972862774e56b5ef48436d58d889,buy,0.0002,0,2.25852,limit_order,95700,100,0,290768235,
2025-02-07 20:46:55.751352+05:30 IST Asia/Kolkata,BTCUSD,normal,65,9.818E+4,6381.7,63b3ea607c8e49278cd47dd56c9b5e31,sell,0.0002,0,0,limit_order,98180,65,0,290327031,
2025-02-07 20:40:48.916648+05:30 IST Asia/Kolkata,BTCUSD,normal,65,9.885E+4,6425.25,a6e787d51dc04d5eadd92b511fe158b7,buy,0.0002,0,1.516359,limit_order,98850,65,0,290312627,
2025-02-07 17:30:03.372747+05:30 IST Asia/Kolkata,BTCUSD,normal,80,97729,7818.32,1a0875cca4d449e2815a86bb79a5ffe5,sell,0.0005,0,4.6128088,limit_order,97720,80,0,289864004,
2025-02-07 13:48:57.408942+05:30 IST Asia/Kolkata,BTCUSD,normal,80,96833,7746.64,246afc0be6854648bf500a4e0297dea2,buy,0.0005,0,4.5705176,limit_order,96845,80,0,289863534,
2025-02-06 20:01:07.787508+05:30 IST Asia/Kolkata,BTCUSD,normal,98.000000000000000000,97986,9602.628,c461055eb0184016ad06662b1d7efdd3,sell,0.0005,0,0,market_order,95632,100,0.000000000000000000,289098046,
2025-02-06 20:01:07.787472+05:30 IST Asia/Kolkata,BTCUSD,normal,2.000000000000000000,97986.5,195.973,4a2822335e1246f28232e86a6e3c8569,sell,0.0005,0,0,market_order,95632,100,98.000000000000000000,289098046,
2025-02-06 19:59:03.646101+05:30 IST Asia/Kolkata,BTCUSD,normal,100,98185,9818.5,3911d05772484ce7b7002e7ed4aa1bb9,buy,0.0002,0,2.317166,limit_order,98185,100,0,289097803,
2025-02-05 00:50:54.169851+05:30 IST Asia/Kolkata,BTCUSD,normal,50,100540.5,5027.025,85477ed4247f4d09954f8e5da9b6fbb5,sell,0.0005,0,2.96594475,limit_order,100526,50,0,287017376,
2025-02-04 23:15:44.676878+05:30 IST Asia/Kolkata,BTCUSD,normal,40,9.917E+4,3966.8,6894a77d672d43578130fb282c77be04,buy,0.0002,0,0.9361648,limit_order,99170,50,0,287015128,
2025-02-04 23:15:44.629737+05:30 IST Asia/Kolkata,BTCUSD,normal,10,9.917E+4,991.7,3175f92aee864dae81f58de283becb3f,buy,0.0002,0,0.2340412,limit_order,99170,50,40,287015128,
2025-02-03 20:52:18.435185+05:30 IST Asia/Kolkata,BTCUSD,normal,75,9.75E+4,7312.5,df9bb914259e4983b0c760248fff66f2,buy,0.0005,0,0,market_order,99647.5,75,0,285249570,
2025-02-03 20:40:12.782714+05:30 IST Asia/Kolkata,BTCUSD,normal,40,96726,3869.04,510310a05de649809c6e963ef230ce74,sell,0.0005,0,2.2827336,limit_order,96707,75,0,285239996,
2025-02-03 20:40:12.782676+05:30 IST Asia/Kolkata,BTCUSD,normal,35,96726.5,3385.4275,655b2203c8e640f8a6d1bc50ef6b75bb,sell,0.0005,0,1.99740223,limit_order,96707,75,40,285239996,
2025-02-01 15:04:35.893632+05:30 IST Asia/Kolkata,BTCUSD,normal,200,1.017E+5,2.034E+4,0da3278a84104f7d8d46e3368b2f5c90,sell,0.0002,0,0,limit_order,101700,200,0,282022505,
2025-02-01 15:01:57.091849+05:30 IST Asia/Kolkata,BTCUSD,normal,100,1.0183E+5,10183,0ec380165ecc4a6ba3c6d66375a93cef,buy,0.0002,0,2.403188,limit_order,101830,100,0,282022699,
2025-02-01 15:00:32.793097+05:30 IST Asia/Kolkata,BTCUSD,normal,100,101835,10183.5,aad9d668d5e444798a4c47b8a264aec4,buy,0.0002,0,2.403306,limit_order,101835,100,0,282021043,
2025-01-31 20:04:32.334333+05:30 IST Asia/Kolkata,BTCUSD,normal,85,1.044E+5,8874,47569b52bc6549379eb129a7e2724863,sell,0.0002,0,0,limit_order,104400,85,0,280991740,
2025-01-31 20:00:31.054419+05:30 IST Asia/Kolkata,BTCUSD,normal,85,104660.5,8896.1425,23863d3123064a709fd3df69a16ba3f7,buy,0.0005,0,5.24872408,limit_order,104661,85,0,280989191,
2025-01-31 16:59:20.013705+05:30 IST Asia/Kolkata,BTCUSD,normal,3,104787,314.361,14eb3cca73fc40eb835762b9ac93149a,sell,0.0002,0,0.0741892,limit_order,104787,95,0,280743244,
2025-01-31 16:59:20.012977+05:30 IST Asia/Kolkata,BTCUSD,normal,46,104787,4820.202,9392e6b008ae4967ae275eca071d1d94,sell,0.0002,0,1.13756768,limit_order,104787,95,3,280743244,
2025-01-31 16:59:19.921364+05:30 IST Asia/Kolkata,BTCUSD,normal,46,104787,4820.202,5057a0790a94458daad0d2f3292b77b8,sell,0.0002,0,1.13756768,limit_order,104787,95,49,280743244,
2025-01-31 15:59:07.989286+05:30 IST Asia/Kolkata,BTCUSD,normal,84,104106.5,8744.946,d02aff175dcd43dab70a9e237f9b1e52,buy,0.0002,0,2.06380726,limit_order,104106.5,95,0,280742635,
2025-01-31 15:59:07.134638+05:30 IST Asia/Kolkata,BTCUSD,normal,10,104106.5,1041.065,63bac03beca3490bb8d6fad1eeecaff5,buy,0.0002,0,0.24569134,limit_order,104106.5,95,84,280742635,
2025-01-31 15:59:05.478398+05:30 IST Asia/Kolkata,BTCUSD,normal,1,104106.5,104.1065,d56a14e0eb6243caaa415f7c3368d5d7,buy,0.0002,0,0.02456914,limit_order,104106.5,95,94,280742635,
2025-01-30 19:09:19.967227+05:30 IST Asia/Kolkata,BTCUSD,normal,90,1.049E+5,9441,3462ee232ad34c60963696d0e383d7e7,sell,0.0002,0,2.228076,limit_order,104900,90,0,279848139,
2025-01-30 18:47:06.535248+05:30 IST Asia/Kolkata,BTCUSD,normal,20,105271,2105.42,5243b138f7c74d00a5a301d65e27e5b2,buy,0.0002,0,0.49687912,limit_order,105271,90,0,279846967,
2025-01-30 18:47:06.001820+05:30 IST Asia/Kolkata,BTCUSD,normal,70,105271,7368.97,ef3ff5f7d31548e4b8ae73009529042c,buy,0.0002,0,1.73907692,limit_order,105271,90,20,279846967,
2025-01-29 13:36:26.152795+05:30 IST Asia/Kolkata,BTCUSD,normal,85,102825,8740.125,aa2ccd1ea02c4377bc0b8bbef38c5b0f,buy,0.0002,0,2.0626695,limit_order,102825,85,0,278413844,
2025-01-29 11:53:09.207389+05:30 IST Asia/Kolkata,BTCUSD,normal,3,102425,307.275,9dd15579599e41878d5825c77eaddef2,sell,0.0002,0,0.0725169,limit_order,102425,85,0,278404747,
2025-01-29 11:53:09.206929+05:30 IST Asia/Kolkata,BTCUSD,normal,48,102425,4916.4,95949802df884d9191037b216128a5da,sell,0.0002,0,1.1602704,limit_order,102425,85,3,278404747,
2025-01-29 11:53:09.205998+05:30 IST Asia/Kolkata,BTCUSD,normal,34,102425,3482.45,ba5d565011974e809d6088ff6c5f0a3b,sell,0.0002,0,0.8218582,limit_order,102425,85,51,278404747,
2025-01-28 12:55:01.618640+05:30 IST Asia/Kolkata,BTCUSD,normal,85,103222,8773.87,f080cadaa3284a7e8793995ec4309ebc,buy,0.0002,0,2.07063332,limit_order,103222,85,0,277163791,
2025-01-28 10:31:14.162871+05:30 IST Asia/Kolkata,BTCUSD,normal,85,1.0295E+5,8750.75,509f8fe883fe464b816222fc2ce2b3c8,sell,0.0002,0,2.065177,limit_order,102950,85,0,277159025,
2025-01-28 00:12:19.677036+05:30 IST Asia/Kolkata,BTCUSD,normal,175,99049.5,17333.6625,c3158dc6f4a545afa6a058b682fe9847,sell,0.0005,0,10.22686088,market_order,96717,175,0,276710328,
2025-01-27 23:59:09.911769+05:30 IST Asia/Kolkata,BTCUSD,normal,50,9.925E+4,4962.5,5b5cddafe5324093b9304791cad3e5fc,buy,0.0002,0,1.17115,limit_order,99250,100,0,276731817,
2025-01-27 23:59:09.911171+05:30 IST Asia/Kolkata,BTCUSD,normal,50,9.925E+4,4962.5,3cedd17db1e7444fae77ddb3bc29c639,buy,0.0002,0,1.17115,limit_order,99250,100,50,276731817,
2025-01-27 23:38:01.464236+05:30 IST Asia/Kolkata,BTCUSD,normal,75,99413,7455.975,f024f875bf854d19bb39c1f95ff53b2c,buy,0.0005,0,4.39902525,market_order,101821.5,75,0,276709754,
2025-01-27 15:09:07.081093+05:30 IST Asia/Kolkata,BTCUSD,normal,85,99247,8435.995,289bfb1840e14ac7b390e929b8d72bde,buy,0.0005,0,4.97723705,market_order,101683,85,0,275964467,
2025-01-27 14:44:26.377451+05:30 IST Asia/Kolkata,BTCUSD,normal,85,9.925E+4,8436.25,ba5354771f9d41019d98f9100588b0de,sell,0.0002,0,1.990955,limit_order,99250,85,0,275964318,